sha256	bytes	fetched	status	user_agent	url	final_url	content_type
00ea356f3e2bb0a25713be2ba27aee1252f5539f7e03b16cc97e63ebf32c0b7c	154697	2026-10-02	200	urllib browser UA (plain UA 403)	https://hgic.clemson.edu/category/vegetables/	https://hgic.clemson.edu/category/vegetables/	text/html
82ec64264e992b5dfdfe9a945db61828f8d05b878b29b52f452519ec2c452201	10821	2026-10-02	200	urllib browser+plain UA (byte-identical)	https://ipm.ucanr.edu/PMG/GARDEN/veggies.html	https://ipm.ucanr.edu/PMG/GARDEN/veggies.html	text/html
40ca68e81ab0c134e3a94896fe43dc5c7d896ba802bd05e35d484b882fe6cea9	154697	2026-10-02	200	urllib browser UA (plain UA 403)	https://hgic.clemson.edu/category/vegetables/	https://hgic.clemson.edu/category/vegetables/	text/html
		2026-10-02	FAILED browser=404 plain=403	browser UA (Safari, Sec-Fetch headers) + plain Python-urllib UA	https://hgic.clemson.edu/category/fruits/		
783fce995b8d9ad759097bd4d0760541b1bac81da4f80a52fce42133a604b3e5	10315	2026-10-02	200	urllib browser+plain UA (byte-identical)	https://ipm.ucanr.edu/PMG/GARDEN/fruit.html	https://ipm.ucanr.edu/PMG/GARDEN/fruit.html	text/html
4dd53cf6ed7cded86ec6d2e2e7d96ec61ccfd469a668c4cc10004f3bd6b27922	98701	2026-10-02	200	urllib browser UA (plain UA 403)	https://extension.oregonstate.edu/gardening/vegetables	https://extension.oregonstate.edu/gardening/vegetables	text/html
019f1ab0d40c0ab2102ce5ebb8209c38f8376667d31d31745cf30af807d3812b	41448	2026-10-02	200	urllib browser+plain UA (byte-identical)	https://ipm.ucanr.edu/home-and-landscape/	https://ipm.ucanr.edu/home-and-landscape/	text/html
		2026-10-02	FAILED browser=404 plain=403	browser UA (Safari, Sec-Fetch headers) + plain Python-urllib UA	https://hgic.clemson.edu/category/herbs/		
		2026-10-02	FAILED browser=403 plain=403	browser UA (Safari, Sec-Fetch headers) + plain Python-urllib UA	https://vric.ucdavis.edu/		
		2026-10-02	FAILED browser=404 plain=403	browser UA (Safari, Sec-Fetch headers) + plain Python-urllib UA	https://extension.oregonstate.edu/gardening/fruits		
		2026-10-02	FAILED browser=404 plain=403	browser UA (Safari, Sec-Fetch headers) + plain Python-urllib UA	https://hgic.clemson.edu/category/fruits-nuts/		
17a14e63133ccacbbe5716706a577e954a05be3b9a28c4a719f96d1236d99404	53690	2026-10-02	200	urllib browser UA (plain UA 403)	https://aggie-horticulture.tamu.edu/vegetable/guides/	https://aggie-horticulture.tamu.edu/vegetable/guides/	text/html
		2026-10-02	FAILED browser=403 plain=403	browser UA (Safari, Sec-Fetch headers) + plain Python-urllib UA	https://homeorchard.ucanr.edu/		
9bfbddc650892b029885c45d2f8b69a0c372c56a898ee7ab7ae60cb11f978896	28651	2026-10-02	200	urllib browser UA (plain UA 403)	https://aggie-horticulture.tamu.edu/fruit-nut/	https://aggie-horticulture.tamu.edu/fruit-nut/	text/html
		2026-10-02	FAILED browser=404 plain=403	browser UA (Safari, Sec-Fetch headers) + plain Python-urllib UA	https://extension.oregonstate.edu/collection/growing-your-own-vegetables		
		2026-10-02	FAILED browser=404 plain=ERR	browser UA (Safari, Sec-Fetch headers) + plain Python-urllib UA	https://gardening.cals.cornell.edu/vegetables/growing-guides/		
fbd1573e8850215128730438176f58143335fedba8e27ecf12dfe079df342f39	171287	2026-10-02	200	urllib browser UA (plain UA 403)	https://extension.umn.edu/yard-and-garden/vegetables	https://extension.umn.edu/garden-and-home/yard-and-garden/gardening-in-minnesota	text/html
		2026-10-02	FAILED browser=404 plain=403	browser UA (Safari, Sec-Fetch headers) + plain Python-urllib UA	https://extension.umn.edu/yard-and-garden/fruit		
03daefd23edd87bb5c42fcb0899d238345a07d2326e6ea80941e960fead13c8d	125187	2026-10-02	200	urllib browser UA kept (plain UA differs: 125187 bytes)	https://ohioline.osu.edu/tags/vegetables	https://ohioline.osu.edu/tags/vegetables	text/html
		2026-10-02	FAILED browser=404 plain=403	browser UA (Safari, Sec-Fetch headers) + plain Python-urllib UA	https://extension.umn.edu/fruit		
		2026-10-02	FAILED browser=403 plain=403	browser UA (Safari, Sec-Fetch headers) + plain Python-urllib UA	https://www.gardenresearch.com/files/2009-Impact-of-Gardening-in-America-White-Paper.pdf		
		2026-10-02	FAILED browser=404 plain=403	browser UA (Safari, Sec-Fetch headers) + plain Python-urllib UA	https://extension.umn.edu/vegetables		
		2026-10-02	FAILED browser=403 plain=403	browser UA (Safari, Sec-Fetch headers) + plain Python-urllib UA	https://garden.org/special/pdf/2014-NGA-Garden-to-Table.pdf		
7ff585e6999b66923a3422589b068032cd5ed6f3463bbe43f60a5325ed179994	258206	2026-10-02	200	urllib browser+plain UA (byte-identical)	https://edis.ifas.ufl.edu/publication/VH021	https://ask.ifas.ufl.edu/publication/VH021	text/html
66edf5d607514d6a71e751e8b74320a1c72310f09b570377288eea09e06ba164	90791	2026-10-02	200	urllib browser+plain UA (byte-identical)	https://pubs.extension.wsu.edu/home-garden	https://pubs.extension.wsu.edu/product/home-garden-and-lawn-fertilizer-calculator-home-garden-series/	text/html
		2026-10-02	FAILED browser=404 plain=ERR	browser UA (Safari, Sec-Fetch headers) + plain Python-urllib UA	https://gardening.cals.cornell.edu/fruit/		
0e2d193112a04bac492a97a5a3402a14d6e7bdd8c3b6ee3113b106d0251ce9b7	104478	2026-10-02	200	urllib browser+plain UA (byte-identical)	https://gardeningsolutions.ifas.ufl.edu/plants/edibles/	https://gardeningsolutions.ifas.ufl.edu/plants/edibles/	text/html
		2026-10-02	FAILED browser=403 plain=403	browser UA (Safari, Sec-Fetch headers) + plain Python-urllib UA	https://www.gardenresearch.com/files/2014-NGA-Garden-to-Table.pdf		
		2026-10-02	FAILED browser=404 plain=404	browser UA (Safari, Sec-Fetch headers) + plain Python-urllib UA	https://extension.wsu.edu/gardening/vegetables/		
bcef05b1e7e6db0df069432756900997472bd5b6724a885afbeac2137da5bed7	154783	2026-10-02	200	urllib browser UA (plain UA 403)	https://hgic.clemson.edu/category/vegetables/page/2/	https://hgic.clemson.edu/category/vegetables/page/2/	text/html
e8626f9c8168159b7b72f4fdda0987628300743c6ad461d6383da55221e7a6ca	152446	2026-10-02	200	urllib browser UA (plain UA 403)	https://hgic.clemson.edu/category/vegetables/page/3/	https://hgic.clemson.edu/category/vegetables/page/3/	text/html
ffdd515ec9f513bd48277f4ff82630dd3451b97bb02835dd6b8a077c9f466b56	161631	2026-10-02	200	urllib browser UA (plain UA 403)	https://hgic.clemson.edu/category/vegetables/page/4/	https://hgic.clemson.edu/category/vegetables/page/4/	text/html
d9c8ff21e1dfd833fc4bdbad3de3a1c199f22ca1ee05b4dcf018018b5956b694	153796	2026-10-02	200	urllib browser UA (plain UA 403)	https://hgic.clemson.edu/category/vegetables/page/5/	https://hgic.clemson.edu/category/vegetables/page/5/	text/html
ed54949403d1d5aae85d8861456139034206556b135569ac84f242230e30b167	154916	2026-10-02	200	urllib browser UA (plain UA 403)	https://hgic.clemson.edu/category/vegetables/page/6/	https://hgic.clemson.edu/category/vegetables/page/6/	text/html
1e923d8efb03d305df2e12b4bcce91d138ea3086eefbdf766049f3bd17c99f54	154875	2026-10-02	200	urllib browser UA (plain UA 403)	https://hgic.clemson.edu/category/vegetables/page/7/	https://hgic.clemson.edu/category/vegetables/page/7/	text/html
8b803f9e880baef4bc75ec25654d0f6ea9221d48cbbf810641fe4861bd9c536a	146839	2026-10-02	200	urllib browser UA (plain UA 403)	https://hgic.clemson.edu/category/vegetables/page/8/	https://hgic.clemson.edu/category/vegetables/page/8/	text/html
3edcdbed48e6ee5807300e791c2831b10b49f2690dd08bd66fc4cd808e93a414	155404	2026-10-02	200	urllib browser UA (plain UA 403)	https://hgic.clemson.edu/category/tree-fruits/	https://hgic.clemson.edu/category/tree-fruits/	text/html
6db8d5157bcd2fa68a130a002fc5b85bb249faa921613fd1225d1941ce02287a	171287	2026-10-02	200	urllib browser UA (plain UA 403)	https://extension.umn.edu/find-plants/vegetables	https://extension.umn.edu/garden-and-home/yard-and-garden/gardening-in-minnesota	text/html
48002b969026324f6ed25a46726730171cf491f88a34b0bbc8fd1067813198a4	155780	2026-10-02	200	urllib browser UA (plain UA 403)	https://hgic.clemson.edu/category/small-fruits/	https://hgic.clemson.edu/category/small-fruits/	text/html
c9cfb193c0ac9c6eccb6301a0725d06ade5f9d763ac0c11781e86441d074084b	142424	2026-10-02	200	urllib browser UA (plain UA 403)	https://hgic.clemson.edu/category/nuts/	https://hgic.clemson.edu/category/nuts/	text/html
03927f3d8754dc02e1680f7fe19813091240947ea7d562dbab68bb77fd03a0a6	13141577	2026-10-02	200	urllib browser UA (plain UA 403)	https://ampleharvest.org/wp-content/uploads/2021/07/2014_0402_NGA-Garden-to-Table.pdf	https://ampleharvest.org/wp-content/uploads/2021/07/2014_0402_NGA-Garden-to-Table.pdf	application/pdf
896246f50981b830f0bd21728f657f681fb24aad704b64efda5e7ed24ede9799	154662	2026-10-02	200	urllib browser UA (plain UA 403)	https://hgic.clemson.edu/category/fruits-vegetables/	https://hgic.clemson.edu/category/fruits-vegetables/	text/html
		2026-10-02	FAILED browser=403 plain=403	browser UA (Safari, Sec-Fetch headers) + plain Python-urllib UA	https://garden.org/learn/articles/view/3126/		
0c08d58bf63b75e49fb1f672f716c5b1623707d882157e2b9f3410e799df4f7e	171287	2026-10-02	200	urllib browser UA (plain UA 403)	https://extension.umn.edu/find-plants/fruit	https://extension.umn.edu/garden-and-home/yard-and-garden/gardening-in-minnesota	text/html
		2026-10-02	FAILED browser=404 plain=403	browser UA (Safari, Sec-Fetch headers) + plain Python-urllib UA	https://extension.umn.edu/find-plants/herbs		
7ecbc95dae10538034f1803cb4196093380ca792311982197c639231d064f4aa	69160	2026-10-02	200	urllib browser UA (plain UA ERR RemoteDisconnected)	https://gardening.cals.cornell.edu/garden-guidance/foodgarden/	https://gardening.cals.cornell.edu/garden-guidance/foodgarden/	text/html
		2026-10-02	FAILED browser=404 plain=404	browser UA (Safari, Sec-Fetch headers) + plain Python-urllib UA	https://pubs.extension.wsu.edu/product-category/home-garden/		
48ed86fd6bfed93953e25a457381aaed194aa2f0f406ee1aa5d23229d9d76e3e	597872	2026-10-02	200	urllib browser UA kept (plain UA differs: 597797 bytes)	https://www.growveg.com/plants/us-and-canada/	https://www.growveg.com/plants/us-and-canada/	text/html
		2026-10-02	FAILED browser=404 plain=404	browser UA (Safari, Sec-Fetch headers) + plain Python-urllib UA	https://pubs.extension.wsu.edu/product-category/home-garden/vegetables/		
1de16aa0951b40c904e9ccaa07e2208641ab0fef823556ee9b664fb6861c0498	114619	2026-10-02	200	urllib browser+plain UA (byte-identical)	https://pubs.extension.wsu.edu/product-category/gardening/	https://pubs.extension.wsu.edu/product-category/gardening/	text/html
7d40aec4d7b9da211e4c1e4cd89141c6dd2af1e85c83a375f1493b0f56db2464	443242	2026-10-02	200	urllib browser UA (plain UA 403)	https://www.johnnyseeds.com/	https://www.johnnyseeds.com/	text/html
7fee2ea46052357ab8ef56b37d882dd4403a9a9fe692fc34e02bf72aec052495	1555580	2026-10-02	200	urllib browser UA kept (plain UA differs: 1555580 bytes)	https://territorialseed.com/	https://territorialseed.com/	text/html
132e27a1c89ce45e6f138fb202aec25221d141f82b3b19dcc4ae9707fdf3e248	163660	2026-10-02	200	urllib browser UA (plain UA 403)	https://extension.oregonstate.edu/topic/gardening/vegetables/resources	https://extension.oregonstate.edu/topic/gardening/vegetables/resources	text/html
0a5604bac670a066148ceb6de5700e090f9e30a261684f53ad3a9dd3bbfa97e0	95105	2026-10-02	200	urllib browser UA (plain UA 403)	https://extension.oregonstate.edu/gardening/berries-fruit	https://extension.oregonstate.edu/gardening/berries-fruit	text/html
e4645442f8d795c741b044e5eb5fe2db8fb7f7ed9b2ecdd7734043c120e9334e	154635	2026-10-02	200	urllib browser UA (plain UA 403)	https://hgic.clemson.edu/category/tree-fruits/page/2/	https://hgic.clemson.edu/category/tree-fruits/page/2/	text/html
9bd1681a9be7fbe5d17889e082bab83bbcc5fe3b1435237c4856d439568b43bc	143768	2026-10-02	200	urllib browser UA (plain UA 403)	https://hgic.clemson.edu/category/tree-fruits/page/3/	https://hgic.clemson.edu/category/tree-fruits/page/3/	text/html
		2026-10-02	FAILED browser=404 plain=403	browser UA (Safari, Sec-Fetch headers) + plain Python-urllib UA	https://hgic.clemson.edu/category/tree-fruits/page/4/		
		2026-10-02	FAILED browser=404 plain=403	browser UA (Safari, Sec-Fetch headers) + plain Python-urllib UA	https://hgic.clemson.edu/category/tree-fruits/page/5/		
157cb583eca629a0d851e0d27d489eb1b58cfb58262bf6510e164e2e985709d4	102306	2026-10-02	200	urllib browser UA (plain UA 403)	https://extension.umn.edu/garden-and-home/yard-and-garden/gardening-in-minnesota/growing-herbs	https://extension.umn.edu/garden-and-home/yard-and-garden/gardening-in-minnesota/growing-herbs	text/html
831867707c940bfed6e042b3006ebd1b1ea11319d2049165ee776979e992e692	133991	2026-10-02	200	urllib browser UA (plain UA 403)	https://hgic.clemson.edu/category/small-fruits/page/2/	https://hgic.clemson.edu/category/small-fruits/page/2/	text/html
		2026-10-02	FAILED browser=404 plain=403	browser UA (Safari, Sec-Fetch headers) + plain Python-urllib UA	https://hgic.clemson.edu/category/small-fruits/page/3/		
		2026-10-02	FAILED browser=404 plain=403	browser UA (Safari, Sec-Fetch headers) + plain Python-urllib UA	https://hgic.clemson.edu/category/small-fruits/page/4/		
		2026-10-02	FAILED browser=404 plain=403	browser UA (Safari, Sec-Fetch headers) + plain Python-urllib UA	https://hgic.clemson.edu/category/nuts/page/2/		
db4bacf6e274ffae53f0b6ac5238fd1430883e92a3bb9dc0750565ae1bf9c3cd	102599	2026-10-02	200	urllib browser UA (plain UA 403)	https://extension.oregonstate.edu/topic/gardening/vegetables/resources?type%5Bextension_catalog_publication%5D=extension_catalog_publication	https://extension.oregonstate.edu/topic/gardening/vegetables/resources?type%5Bextension_catalog_publication%5D=extension_catalog_publication	text/html
		2026-10-02	FAILED browser=404 plain=403	browser UA (Safari, Sec-Fetch headers) + plain Python-urllib UA	https://hgic.clemson.edu/tag/herbs/		
089270fcf7e2f5ee244b15b1ea10b41b0834d87619e80c9291d92f6313976446	25859	2026-10-02	200	urllib browser+plain UA (byte-identical)	http://www.gardening.cornell.edu/homegardening/scene0391.html	http://www.gardening.cornell.edu/homegardening/scene0391.html	text/html
		2026-10-02	FAILED browser=404 plain=403	browser UA (Safari, Sec-Fetch headers) + plain Python-urllib UA	https://hgic.clemson.edu/category/vegetables/page/9/		
dde47931741dce65d2a7de5f4a25074d3ceaf119e5f5ef3a0337424ac4bdb05b	100873	2026-10-02	200	urllib browser UA (plain UA 429)	https://extension.oregonstate.edu/topic/gardening/berries-fruit/resources?type%5Bextension_catalog_publication%5D=extension_catalog_publication	https://extension.oregonstate.edu/topic/gardening/berries-fruit/resources?type%5Bextension_catalog_publication%5D=extension_catalog_publication	text/html
		2026-10-02	FAILED browser=429 plain=429	browser UA (Safari, Sec-Fetch headers) + plain Python-urllib UA	https://extension.oregonstate.edu/topic/gardening/vegetables/resources?type%5Bext_article%5D=ext_article		
		2026-10-02	FAILED browser=429 plain=429	browser UA (Safari, Sec-Fetch headers) + plain Python-urllib UA	https://extension.oregonstate.edu/topic/gardening/berries-fruit/resources?type%5Bext_article%5D=ext_article		
		2026-10-02	FAILED browser=429 plain=429	browser UA (Safari, Sec-Fetch headers) + plain Python-urllib UA	https://extension.oregonstate.edu/topic/gardening/vegetables/resources?type%5Bext_collection%5D=ext_collection		
		2026-10-02	FAILED browser=429 plain=429	browser UA (Safari, Sec-Fetch headers) + plain Python-urllib UA	https://extension.oregonstate.edu/topic/gardening/berries-fruit/resources?type%5Bext_collection%5D=ext_collection		
		2026-10-02	FAILED browser=403 plain=403	browser UA (Safari, Sec-Fetch headers) + plain Python-urllib UA	https://garden.org/files/2009-Impact-of-Gardening-in-America-White-Paper.pdf		
8c17babd8899fc9c1b09f4fd39bad5775cbaf5a5282e8564254a227eabb59272	106728	2026-10-02	200	urllib browser+plain UA (byte-identical)	https://www.kingstoncitizens.org/2009/05/how-about-those-tomatoes/	https://www.kingstoncitizens.org/2009/05/how-about-those-tomatoes/	text/html
27b11bc1de4596ac7823aed92f39f9041f7a83f87f8744095dfd7be16c243957	424998	2026-10-02	200	urllib browser UA (plain UA 403)	https://www.greenhousegrower.com/?p=46734	https://www.greenhousegrower.com/management/state-of-the-industry/keeping-an-eye-on-food-gardening/	text/html
		2026-10-02	FAILED browser=403 plain=403	browser UA (Safari, Sec-Fetch headers) + plain Python-urllib UA	https://www.rubyhome.com/blog/gardening-stats/		
a0faa9495e543d485e0081e2c1f8000c33714d7a1d77ff75b01c5c4db51f7c0b	141674	2026-10-02	200	urllib browser UA kept (plain UA differs: 141674 bytes)	https://web.archive.org/web/2015/http://www.gardenresearch.com/files/2009-Impact-of-Gardening-in-America-White-Paper.pdf	https://web.archive.org/web/20160305160659/http://gardenresearch.com/files/2009-impact-of-gardening-in-america-white-paper.pdf	text/html
		2026-10-02	FAILED browser=404 plain=404	browser UA (Safari, Sec-Fetch headers) + plain Python-urllib UA	https://web.archive.org/web/2015id_/http://www.gardenresearch.com/files/2009-Impact-of-Gardening-in-America-White-Paper.pdf		
7f1ce7aec900ed63994c3b48d2426f7ba163b440ee3d211133b1055b7dc6e0d5	61168	2026-10-02	200	urllib browser UA (plain UA 403)	https://aggie-horticulture.tamu.edu/vegetable/easy-gardening-series/	https://aggie-horticulture.tamu.edu/vegetable/easy-gardening-series/	text/html
81acc1d1cbb9e35766bcb2362a173d0edb7089453f6444da10890f9b6ee71caa	51508	2026-10-02	200	urllib browser UA (plain UA 403)	https://aggie-horticulture.tamu.edu/vegetable/guides/specialty-vegetables/	https://aggie-horticulture.tamu.edu/vegetable/guides/specialty-vegetables/	text/html
8fff9e10cae495c8c8407a72add4e75e2e269c13daacae8a3a390d4b7701726d	22186	2026-10-02	200	urllib browser UA (plain UA 403)	https://aggie-horticulture.tamu.edu/fruit-nut/fact-sheets/	https://aggie-horticulture.tamu.edu/fruit-nut/fact-sheets/	text/html
		2026-10-02	FAILED browser=301 plain=403	browser UA (Safari, Sec-Fetch headers) + plain Python-urllib UA	https://aggie-horticulture.tamu.edu/citrus/		
		2026-10-02	FAILED browser=403 plain=403	browser UA (Safari, Sec-Fetch headers) + plain Python-urllib UA	https://web.archive.org/web/2020id_/https://garden.org/files/2009-Impact-of-Gardening-in-America-White-Paper.pdf		
e80cad7f93baf03d8b2ea8c6bdc18b5989f4959db5cef18c602481393c11c7ae	115349	2026-10-02	200	urllib browser+plain UA (byte-identical)	https://web.archive.org/web/2012id_/http://www.gardenresearch.com/files/2009-Impact-of-Gardening-in-America-White-Paper.pdf	https://web.archive.org/web/20130302103219id_/http://www.gardenresearch.com/files/2009-Impact-of-Gardening-in-America-White-Paper.pdf	application/pdf
5e1cab2edbaa1dd19bfce6c6eba16d53be30876c3306dbaa18ab5a9fca817f0f	328	2026-10-02	200	urllib browser+plain UA (byte-identical)	http://archive.org/wayback/available?url=gardenresearch.com/files/2009-Impact-of-Gardening-in-America-White-Paper.pdf	http://archive.org/wayback/available?url=gardenresearch.com/files/2009-Impact-of-Gardening-in-America-White-Paper.pdf	application/json
		2026-10-02	FAILED browser=429 plain=429	browser UA (Safari, Sec-Fetch headers) + plain Python-urllib UA	https://extension.oregonstate.edu/topic/gardening/berries-fruit/resources		
		2026-10-02	FAILED browser=202 plain=202	browser UA (Safari, Sec-Fetch headers) + plain Python-urllib UA	https://ageconsearch.umn.edu/record/325763/files/1977-57.pdf		
		2026-10-02	FAILED browser=202 plain=202	browser UA (Safari, Sec-Fetch headers) + plain Python-urllib UA	https://ageconsearch.umn.edu/record/325763/files/1977-57.pdf		
a7953eccd65cd9c4ccc4546c1741c23bf823fb4f976bfba5503bc36db20abbf6	126135	2026-10-02	200	urllib browser+plain UA (byte-identical)	https://ipm.ucanr.edu/home-and-landscape/pests-in-gardens-and-landscapes/	https://ipm.ucanr.edu/home-and-landscape/pests-in-gardens-and-landscapes/	text/html
132a6b2174ee426ec3ab775738d3a4407ccb6630a22fd8f547d73039689af893	117119	2026-10-02	200	urllib browser+plain UA (byte-identical)	https://gardeningsolutions.ifas.ufl.edu/plants/edibles/vegetables/	https://gardeningsolutions.ifas.ufl.edu/plants/edibles/vegetables/	text/html
5dedb2a6fa227a1087f2ea45ac05ae13308903b9017a873b292a8a47cba78aba	114957	2026-10-02	200	urllib browser+plain UA (byte-identical)	https://pubs.extension.wsu.edu/product-category/publications/gardening/	https://pubs.extension.wsu.edu/product-category/publications/gardening/	text/html
4bc865944751f39711884dc5cf55c1820a385a58608ebbea226bece030a9064c	108822	2026-10-02	200	urllib browser+plain UA (byte-identical)	https://gardeningsolutions.ifas.ufl.edu/plants/edibles/fruits/	https://gardeningsolutions.ifas.ufl.edu/plants/edibles/fruits/	text/html
afdbbb9b7f4dd9bf0750cde451b167bbbd3626cd6ad1da629419e092b279c25d	114619	2026-10-02	200	urllib browser+plain UA (byte-identical)	https://pubs.extension.wsu.edu/product-category/publications/gardening/general-gardening/	https://pubs.extension.wsu.edu/product-category/publications/gardening/general-gardening/	text/html
1f980524d9afca35faac6df05dc8ed6a27a3da035493cbd8a9fd0be59e009edb	1630785	2026-10-02	200	urllib browser+plain UA (byte-identical)	https://web.archive.org/web/2024id_/https://ageconsearch.umn.edu/record/325763/files/1977-57.pdf	https://web.archive.org/web/20251028041730id_/https://ageconsearch.umn.edu/nanna/record/325763/files/1977-57.pdf?withWatermark=0&withMetadata=0&registerDownload=1&version=1	application/pdf
1da52fa643bcd673925231e974b1f1437ab540fbe61c2b3b313dac34ce97db8d	81000	2026-10-02	200	urllib browser UA kept (plain UA differs: 81000 bytes)	https://pubs.extension.wsu.edu/?s=home+garden+series&post_type=product	https://pubs.extension.wsu.edu/?s=home+garden+series&post_type=product	text/html
e9b78ec04b88e6c7e8ca5de46318cd2f5e98409e8a19f1b5ea421d5c3d811127	110275	2026-10-02	200	urllib browser+plain UA (byte-identical)	https://gardeningsolutions.ifas.ufl.edu/plants/edibles/herbs/	https://gardeningsolutions.ifas.ufl.edu/plants/edibles/vegetables/herbs/	text/html
		2026-10-02	FAILED browser=202 plain=202	browser UA (Safari, Sec-Fetch headers) + plain Python-urllib UA	https://ageconsearch.umn.edu/record/325763		
74464b8072b6e9a4f09121c89fef1de82359bed9203f876cd4d363ec37938206	114776	2026-10-02	200	urllib browser+plain UA (byte-identical)	https://pubs.extension.wsu.edu/product-category/publications/gardening/page/2/	https://pubs.extension.wsu.edu/product-category/publications/gardening/page/2/	text/html
27d0541f8c6f4671ffe9f321822cdab36b71d8673ec277d3b92f8d3fa793d7fb	114776	2026-10-02	200	urllib browser+plain UA (byte-identical)	https://pubs.extension.wsu.edu/product-category/publications/gardening/page/3/	https://pubs.extension.wsu.edu/product-category/publications/gardening/page/3/	text/html
b75b43f78ac7b107471ea53d57897a3c261ea0c795bd33ca3a0b7001e06637d4	114776	2026-10-02	200	urllib browser+plain UA (byte-identical)	https://pubs.extension.wsu.edu/product-category/publications/gardening/page/4/	https://pubs.extension.wsu.edu/product-category/publications/gardening/page/4/	text/html
cf7d39886dc2ab1f7edd5f2cac45f4f80ddeba791cc104425e48c969ab51c795	113761	2026-10-02	200	urllib browser UA kept (plain UA differs: 113761 bytes)	https://pubs.extension.wsu.edu/product-category/publications/gardening/?product-page=2	https://pubs.extension.wsu.edu/product-category/publications/gardening/?product-page=2	text/html
5568f210f0df24b1734fd435a2cfb4de71fb093293ee012e600441b097e9d763	115015	2026-10-02	200	urllib browser UA kept (plain UA differs: 115015 bytes)	https://pubs.extension.wsu.edu/product-category/publications/gardening/?product-page=3	https://pubs.extension.wsu.edu/product-category/publications/gardening/?product-page=3	text/html
f49cbdbd8736c2971d17eafa8f937c5fa82ae8ce00c6be10c76a53b250817a2a	109399	2026-10-02	200	urllib browser+plain UA (byte-identical)	https://pubs.extension.wsu.edu/product-category/publications/gardening/?product-page=4	https://pubs.extension.wsu.edu/product-category/publications/gardening/?product-page=4	text/html
6a0c90bd5067647b1d5783e577da06730753d26f6d2c18c80d5026087c7169e7	80820	2026-10-02	200	urllib browser UA kept (plain UA differs: 80820 bytes)	https://pubs.extension.wsu.edu/?s=home+garden+series&post_type=product&search_page=2	https://pubs.extension.wsu.edu/?s=home+garden+series&post_type=product&search_page=2	text/html
9920269745e27c038993008345dd168d57daab73d05160c5e7659db036f914cf	80970	2026-10-02	200	urllib browser UA kept (plain UA differs: 80970 bytes)	https://pubs.extension.wsu.edu/?s=home+garden+series&post_type=product&search_page=3	https://pubs.extension.wsu.edu/?s=home+garden+series&post_type=product&search_page=3	text/html
3834a9a922ab68e8fd745b4efde6675506de145a3ddccccdb74122b7d4473f83	82563	2026-10-02	200	urllib browser UA kept (plain UA differs: 82563 bytes)	https://pubs.extension.wsu.edu/?s=home+garden+series&post_type=product&search_page=4	https://pubs.extension.wsu.edu/?s=home+garden+series&post_type=product&search_page=4	text/html
dbdfbe8537aa45bf5c0dcd965316a16161436cdbac851d4399ca8fbe6d5c0bb5	82748	2026-10-02	200	urllib browser UA kept (plain UA differs: 82748 bytes)	https://pubs.extension.wsu.edu/?s=home+garden+series&post_type=product&search_page=5	https://pubs.extension.wsu.edu/?s=home+garden+series&post_type=product&search_page=5	text/html
baa2867a1e71754076c119b5ed63b77e08d01b410b2b6c7f04f235724a9ccb09	82719	2026-10-02	200	urllib browser UA kept (plain UA differs: 82719 bytes)	https://pubs.extension.wsu.edu/?s=home+garden+series&post_type=product&search_page=6	https://pubs.extension.wsu.edu/?s=home+garden+series&post_type=product&search_page=6	text/html
90a328221fe964475fcd5ad0349a11bafb49db7eb5bc0a5dd28e99e90d46176c	82125	2026-10-02	200	urllib browser UA kept (plain UA differs: 82125 bytes)	https://pubs.extension.wsu.edu/?s=home+garden+series&post_type=product&search_page=7	https://pubs.extension.wsu.edu/?s=home+garden+series&post_type=product&search_page=7	text/html
021235396781269e8802b6a665e796a2ec845d3ef95d763c5a5a9ac88a89871a	80487	2026-10-02	200	urllib browser UA kept (plain UA differs: 80487 bytes)	https://pubs.extension.wsu.edu/?s=home+garden+series&post_type=product&search_page=8	https://pubs.extension.wsu.edu/?s=home+garden+series&post_type=product&search_page=8	text/html
ff7ed16c5b4efa6ef99e065a49bbf3d30305173208c856407f6f7c0a71f8a297	60796	2026-10-02	200	urllib browser UA kept (plain UA differs: 60796 bytes)	https://pubs.extension.wsu.edu/?s=home+garden+series&post_type=product&search_page=9	https://pubs.extension.wsu.edu/?s=home+garden+series&post_type=product&search_page=9	text/html
3827cbfe4156deecab9225e401cf88d6305e9d89b79f06ca2cb6f65d7fffc868	154442	2026-10-02	200	urllib browser UA kept (plain UA differs: 154442 bytes)	https://ohioline.osu.edu/tags/home-yard-and-garden	https://ohioline.osu.edu/tags/home-yard-and-garden	text/html
		2026-10-02	FAILED browser=ERR plain=ERR	browser UA (Safari, Sec-Fetch headers) + plain Python-urllib UA	https://homeorchard.ucdavis.edu/		
		2026-10-02	FAILED browser=403 plain=403	browser UA (Safari, Sec-Fetch headers) + plain Python-urllib UA	https://vric.ucdavis.edu/main/veg_info.htm		
1677963ba76a3ca81c8f0b3ae8e02472ac51e6565e1af4bc1a48baee6e427a84	1096791	2026-10-02	200	urllib browser UA kept (plain UA differs: 1096785 bytes)	https://territorialseed.com/collections/vegetables	https://territorialseed.com/collections/vegetables	text/html
ede8386c3343900a304d2c595036bf20d60a3cdefb2329fded1546ad2103124f	1030331	2026-10-02	200	urllib browser UA kept (plain UA differs: 1030331 bytes)	https://territorialseed.com/collections/all-fruit-plants	https://territorialseed.com/collections/all-fruit-plants	text/html
961c5a429f27122a1e7344f5e70378831a57340c020bed879ebd0a2c93eb0e5e	1059742	2026-10-02	200	urllib browser UA kept (plain UA differs: 1059735 bytes)	https://territorialseed.com/collections/all-herbs	https://territorialseed.com/collections/all-herbs	text/html
af75baadf05f8f77be17db1a1d95c9668d60f2ddd9463567e436a19c347da57b	1333798	2026-10-02	200	urllib browser UA kept (plain UA differs: 1333798 bytes)	https://territorialseed.com/pages/vegetables	https://territorialseed.com/pages/vegetables	text/html
7b8798b7b8e5b8d7fe725db5e58146d69c94663bc9d061cb9ff2b19e78ea0aac	172330	2026-10-02	200	urllib browser UA kept (plain UA differs: 172330 bytes)	https://ohioline.osu.edu/tags/gardening	https://ohioline.osu.edu/tags/gardening	text/html
cbddcc87e97978eaa4b83a4b9d6f2167284cbb02efdde8ca0645ede9308540da	1120	2026-10-02	200	urllib browser+plain UA (byte-identical)	https://territorialseed.com/sitemap.xml	https://territorialseed.com/sitemap.xml	application/xml
54aa6fab085111fa54dea93fd696a70aab956507b701cbacfd07b1bd998e6ebf	68304	2026-10-02	200	urllib browser+plain UA (byte-identical)	https://territorialseed.com/collections.json?limit=250	https://territorialseed.com/collections.json?limit=250	application/json
		2026-10-02	FAILED browser=404 plain=403	browser UA (Safari, Sec-Fetch headers) + plain Python-urllib UA	https://homeorchard.ucanr.edu/Fruits_&_Nuts/		
		2026-10-02	FAILED browser=403 plain=403	browser UA (Safari, Sec-Fetch headers) + plain Python-urllib UA	http://homeorchard.ucanr.edu/		
		2026-10-02	FAILED browser=403 plain=403	browser UA (Safari, Sec-Fetch headers) + plain Python-urllib UA	https://vric.ucdavis.edu/main/veg_info_crops.htm		
		2026-10-02	FAILED browser=403 plain=403	browser UA (Safari, Sec-Fetch headers) + plain Python-urllib UA	https://ucanr.edu/sites/gardenweb/vegetables/		
0f6db2337b3890f38022d6f47c1bbffbaf83ead539e449c199ec1a8f5ff9bd51	61780	2026-10-02	200	urllib browser+plain UA (byte-identical)	https://territorialseed.com/collections.json?limit=250&page=2	https://territorialseed.com/collections.json?limit=250&page=2	application/json
68e77b47a914c8ad5a9e104dbed81c43ee3a6d83044436a8afec956d0670d0c2	59654	2026-10-02	200	urllib browser+plain UA (byte-identical)	https://territorialseed.com/collections.json?limit=250&page=3	https://territorialseed.com/collections.json?limit=250&page=3	application/json
24cc8864e7c0821b962d3e578a391602e9cff9107ccbd750fe294a74226a931b	18	2026-10-02	200	urllib browser+plain UA (byte-identical)	https://territorialseed.com/collections.json?limit=250&page=4	https://territorialseed.com/collections.json?limit=250&page=4	application/json
		2026-10-02	FAILED browser=403 plain=403	browser UA (Safari, Sec-Fetch headers) + plain Python-urllib UA	https://homeorchard.ucanr.edu/fruits-and-nuts/		
		2026-10-02	FAILED browser=403 plain=403	browser UA (Safari, Sec-Fetch headers) + plain Python-urllib UA	https://homeorchard.ucanr.edu/fruits-nuts		
		2026-10-02	FAILED browser=403 plain=403	browser UA (Safari, Sec-Fetch headers) + plain Python-urllib UA	https://fruitsandnuts.ucdavis.edu/		
		2026-10-02	FAILED browser=403 plain=403	browser UA (Safari, Sec-Fetch headers) + plain Python-urllib UA	https://ucanr.edu/node/125517		
		2026-10-02	FAILED browser=ERR plain=503	browser UA (Safari, Sec-Fetch headers) + plain Python-urllib UA	https://ohioline.osu.edu/tags/home-garden		
		2026-10-02	FAILED browser=503 plain=502	browser UA (Safari, Sec-Fetch headers) + plain Python-urllib UA	https://ohioline.osu.edu/findafactsheet		
		2026-10-02	FAILED browser=429 plain=429	browser UA (Safari, Sec-Fetch headers) + plain Python-urllib UA	https://extension.oregonstate.edu/topic/gardening/berries-fruit/resources		
fd57eb5dfaefef9b24fc8727bf9ce51e315bb21370cee3ec75890965434e668b	107354	2026-10-02	200	urllib browser UA kept (plain UA differs: 107354 bytes)	https://ohioline.osu.edu/tags/home-garden	https://ohioline.osu.edu/tags/home-garden	text/html
		2026-10-02	FAILED browser=503 plain=ERR	browser UA (Safari, Sec-Fetch headers) + plain Python-urllib UA	https://ohioline.osu.edu/tags/vegetable-crops		
a16593ba1156674817de5cf02abc981d2548f1a8d701adfc1a20aff22ba04f3a	150255	2026-10-02	200	urllib plain UA (browser UA 502)	https://ohioline.osu.edu/tags/fruit	https://ohioline.osu.edu/tags/fruit	text/html
91d88b428cc1a3d1032ea4fbc523068a8317010851edee5bbbf86e1edac3509d	110354	2026-10-02	200	urllib browser UA kept (plain UA differs: 110354 bytes)	https://ohioline.osu.edu/findafactsheet	https://ohioline.osu.edu/findafactsheet	text/html
67e54081a4b47f5b0e7442861572276dce0fbfe99cdd771f6bf6048ac58bfdf5	125811	2026-10-02	200	urllib browser UA kept (plain UA differs: 125811 bytes)	https://ohioline.osu.edu/findafactsheet?field_ol_unique_id_value=HYG-16	https://ohioline.osu.edu/findafactsheet?field_ol_unique_id_value=HYG-16	text/html
55f9538a311cb30d7e47939fc4bd0369eb9cf6ec374cf5057c0b50a84e1fffff	127326	2026-10-02	200	urllib browser UA kept (plain UA differs: 127326 bytes)	https://ohioline.osu.edu/findafactsheet?field_ol_unique_id_value=HYG-14	https://ohioline.osu.edu/findafactsheet?field_ol_unique_id_value=HYG-14	text/html
6afd98d400cd3ccc177e5ccb29922c29e4f400a9ef250d43032d1d4bd99679d7	126728	2026-10-02	200	urllib browser UA kept (plain UA differs: 126728 bytes)	https://ohioline.osu.edu/findafactsheet?field_ol_departments_tid=26&field_ol_categories_tid%5B%5D=462	https://ohioline.osu.edu/findafactsheet?field_ol_departments_tid=26&field_ol_categories_tid%5B%5D=462	text/html
740478be6948a97b8eaca7a43736c77b3906cb7f077ee6daafb3b460040b34e1	118637	2026-10-02	200	urllib browser UA kept (plain UA differs: 118637 bytes)	https://ohioline.osu.edu/findafactsheet?field_ol_unique_id_value=HYG-16&page=1	https://ohioline.osu.edu/findafactsheet?field_ol_unique_id_value=HYG-16&page=1	text/html
da3a8607d05a6f4e708482cbb4146e529f28d94a7c6d67356bb3ab376bb3d5a4	120806	2026-10-02	200	urllib browser UA kept (plain UA differs: 120806 bytes)	https://ohioline.osu.edu/findafactsheet?field_ol_unique_id_value=HYG-14&page=1	https://ohioline.osu.edu/findafactsheet?field_ol_unique_id_value=HYG-14&page=1	text/html
		2026-10-02	FAILED browser=429 plain=429	browser UA (Safari, Sec-Fetch headers) + plain Python-urllib UA	https://extension.oregonstate.edu/topic/gardening/vegetables/resources?type%5Bextension_catalog_publication%5D=extension_catalog_publication&type%5Bext_article%5D=ext_article&type%5Bext_collection%5D=ext_collection		
		2026-10-02	FAILED browser=429 plain=429	browser UA (Safari, Sec-Fetch headers) + plain Python-urllib UA	https://extension.oregonstate.edu/topic/gardening/vegetables/resources?type%5Bextension_catalog_publication%5D=extension_catalog_publication&type%5Bext_article%5D=ext_article&type%5Bext_collection%5D=ext_collection		
		2026-10-02	FAILED browser=429 plain=429	browser UA (Safari, Sec-Fetch headers) + plain Python-urllib UA	https://extension.oregonstate.edu/topic/gardening/vegetables/resources?type%5Bextension_catalog_publication%5D=extension_catalog_publication&type%5Bext_article%5D=ext_article&type%5Bext_collection%5D=ext_collection		
		2026-10-02	FAILED browser=429 plain=429	browser UA (Safari, Sec-Fetch headers) + plain Python-urllib UA	https://extension.oregonstate.edu/topic/gardening/vegetables/resources?type%5Bextension_catalog_publication%5D=extension_catalog_publication&type%5Bext_article%5D=ext_article&type%5Bext_collection%5D=ext_collection		
		2026-10-02	FAILED browser=429 plain=429	browser UA (Safari, Sec-Fetch headers) + plain Python-urllib UA	https://extension.oregonstate.edu/topic/gardening/vegetables/resources?type%5Bextension_catalog_publication%5D=extension_catalog_publication&type%5Bext_article%5D=ext_article&type%5Bext_collection%5D=ext_collection		
		2026-10-02	FAILED browser=429 plain=429	browser UA (Safari, Sec-Fetch headers) + plain Python-urllib UA	https://extension.oregonstate.edu/topic/gardening/vegetables/resources?type%5Bextension_catalog_publication%5D=extension_catalog_publication&type%5Bext_article%5D=ext_article&type%5Bext_collection%5D=ext_collection		
		2026-10-02	FAILED browser=429 plain=429	browser UA (Safari, Sec-Fetch headers) + plain Python-urllib UA	https://extension.oregonstate.edu/topic/gardening/berries-fruit/resources?type%5Bextension_catalog_publication%5D=extension_catalog_publication&type%5Bext_article%5D=ext_article&type%5Bext_collection%5D=ext_collection		
		2026-10-02	FAILED browser=429 plain=429	browser UA (Safari, Sec-Fetch headers) + plain Python-urllib UA	https://extension.oregonstate.edu/topic/gardening/berries-fruit/resources?type%5Bextension_catalog_publication%5D=extension_catalog_publication&type%5Bext_article%5D=ext_article&type%5Bext_collection%5D=ext_collection		
