sha256	bytes	fetched	agents	url	saved_by
0b482e6ef1b9d9093dc0a0029e2753cf20bf787c7c329dd9ff23f7cbe0fe9705	28186	2026-09-23	curl+browser (byte-identical)	https://extension.illinois.edu/container-gardens/container-size	PLA-581 promote session
a4dec7f1631e49d06f9e7fc2673d2064bdd7f641266ce78b579a88cf186badf5	141247	2026-09-23	curl+browser (byte-identical)	https://extension.colostate.edu/resource/container-gardens/	PLA-581 promote session
62b5e5c5f5ce244fb868faccdc9ac11e0babb38aad6be60a6776d97577ed8d89	24343	2026-09-23	curl+browser (byte-identical)	https://extension.illinois.edu/container-gardens/vegetable-containers	PLA-581 promote session
5ab9a68fcdf516a59c964c9ee6715ef0abfbd10a7ab0cac83682128e54637452	32678	2026-09-23	curl+browser (byte-identical)	https://extension.illinois.edu/container-gardens/container-material-choices	PLA-581 promote session
1022a27cf8b7eeda30a87755128be2e4748e3bd9ff0465cedebb7b684e1627fe	108377	2026-09-25	curl+browser (byte-identical)	https://ask.ifas.ufl.edu/publication/HS132	PLA-533 2a session
683c3ae36cc3b06afe703a521153ff282dc918d4458e0d76968499779617a74e	113473	2026-09-25	curl+browser (byte-identical)	https://gardeningsolutions.ifas.ufl.edu/plants/edibles/fruits/citrus/	PLA-533 2a session
5245993220350a80b97abc6850b598dd973d027a0ccfd24af647c79da379c472	45217	2026-09-25	curl+browser (byte-identical)	https://ipm.ucanr.edu/home-and-landscape/citrus/	PLA-533 2a session
4fb8059f2d1cb7552603150a8b2faebe38231ed0a5fed78c77d493fa375dc7ae	121246	2026-09-25	curl+browser (byte-identical)	https://extension.arizona.edu/publication/oranges-southern-arizona	PLA-533 2a session
5dcf248a248560eddb33d9ead33d0a9e05b36c2bf022fcca49ab20f56d96a25f	54226	2026-09-25	curl+browser (same bytes except a per-request Cloudflare token; curl copy kept)	https://aggie-horticulture.tamu.edu/fruit-nut/fact-sheets/citrus/	PLA-533 2a session
70844740696e5b28cfe1381f44e7f2ed2f646c4d8c54e359a8af84a6221de724	133431	2026-09-25	curl+browser (byte-identical)	https://ask.ifas.ufl.edu/publication/HS141	PLA-533 2a session
92a1d074d6892316d2b9fe881ceb5671e94bdb858834618ac315e75d479e3dd2	56075	2026-09-25	Trevor's browser (saved page source; curl/browser-UA fetches were WAF-403)	https://postharvest.ucdavis.edu/produce-facts-sheets/orange	PLA-533 2a session
9cf9f4183efc7aeda2f63289e1d6821f8b5447c1c36a4d72eaa3f17ed920d40a	45917	2026-09-25	Trevor's browser (saved page source; curl/browser-UA fetches were WAF-403)	https://postharvest.ucdavis.edu/produce-facts-sheets/grapefruit	PLA-533 2a session
6fc9a10b6b331b5676fb16be747852eb56ffeecc9077aeca44cb6aaf4f9e92fa	160496	2026-09-29	curl+browser (byte-identical)	https://ask.ifas.ufl.edu/publication/CH093	PLA-533 subtractive review session
6d1c968f3e034eb9dd72319d81433c4f91178f4fcfbe21a52bcdfb1594d24a4a	120968	2026-09-30	urllib browser+plain UA (byte-identical)	https://extension.umd.edu/resource/growing-vegetables-containers-and-salad-tables	PLA-532 admission session (umd_ext_containers_salad_tables)
b4227d8cc407b3013bfa628db44073c2ed5b32f5d678165015ae2dce57f7949d	105416	2026-09-30	urllib browser+plain UA (byte-identical)	https://www.pubs.ext.vt.edu/426/426-336/426-336.html	PLA-532 admission session (vce_426_336)
bc9d06955ef49fcba506b0459eca81a83825415a9ca3f29757d91ec12649be66	384185	2026-09-30	urllib browser+plain UA (byte-identical)	https://extension.psu.edu/container-vegetable-gardening-four-keys-to-success	PLA-532 admission session (psu_ext_container_vegetables)
42ad6f2474f4f44a245fd34f9ea931f01a0c82ecdd432214d48e99fa6d1fd574	157176	2026-09-30	urllib browser+plain UA (byte-identical)	https://www.uvm.edu/d10-files/documents/2024-10/containergardeningonabudget.pdf	PLA-532 admission session (uvm_ext_small_spaces_budget)
f5763b3bd1e9736f82d30b366c9b872eb5a3eaa8f2c4d54259107dd7f4454643	82789	2026-09-30	urllib browser UA (plain UA 403)	https://extension.umaine.edu/publications/2762e/	PLA-532 admission session (umaine_ext_2762)
8ee29202ffee29b79e281af3abec17cbf2b98169465b8d66d09845bac2d8280b	92937	2026-09-30	urllib browser UA (plain UA 403)	https://extension.umn.edu/garden-and-home/yard-and-garden/gardening-in-minnesota/trellises-and-cages	PLA-532 admission session (umn_ext_trellises_cages)
9a7d9d6a6d41eee8f80200e89fe126bdf6c89db88e1fcfd1902ccb6c2f63a71c	97023	2026-09-30	urllib browser+plain UA (byte-identical)	https://www.pubs.ext.vt.edu/HORT/HORT-189/HORT-189.html	PLA-532 admission session (vce_hort_189)
5ee8b2dff5f09598200122eec827149bf6f6e5045b4bd36cc718d62beb3cbc40	681592	2026-09-30	urllib browser+plain UA (byte-identical)	https://content.ces.ncsu.edu/extension-gardener-handbook/16-vegetable-gardening	PLA-532 admission session (ncsu_ext_handbook_vegetable)
be20bc9fae2eb8ddfe30dc4442b8b4d52bf1c706da0e66c3f397612c15c72b47	224860	2026-09-30	urllib browser+plain UA (byte-identical)	https://naes.agnt.unr.edu/PMS/Pubs/2000-3265.pdf	PLA-532 admission session (UNR FS-00-42 full text; rejection)
95ca1ac0fce79cb4ebae3e98408d05054cfc6f65016c9c46950e9278f325861c	125578	2026-09-30	urllib browser UA (plain UA body differs, 125307 bytes)	https://extension.unr.edu/publication.aspx?PubID=3265	PLA-532 admission session (UNR FS-00-42 landing stub; rejection)
66f7d752585c2a25a0e93dfc79fc5a2d66edeace1a08fda8659c93385423ed52	44317	2026-09-30	urllib browser UA (plain UA 403)	https://extension.usu.edu/utah4h/research/creating-sustainable-school-and-home-gardens-vertical-gardening	PLA-532 admission session (USU vertical; rejection)
bb35e82cde0f8e4b84b2455a5fe187997fdc6e802a30bc936ea74bf288f07d14	148514	2026-09-30	urllib browser+plain UA (byte-identical)	https://hort.extension.wisc.edu/articles/trellising-staking-and-caging-vertical-gardening-techniques-vine-type-vegetables/	PLA-532 admission session (UW A3933-01 article; rejection)
369c4507e4c5e09c2fbbb2bc5319e61205af33ac962e77c53d2e391a014acdeb	2350437	2026-09-30	urllib browser+plain UA (byte-identical)	https://hort.extension.wisc.edu/files/2014/11/A3933-01.pdf	PLA-532 admission session (UW A3933-01 PDF; rejection)
c703e7fa59c6e266d5da5ef19f4ec7ee10abeb640e82a8af622822f2153e2226	696967	2026-09-30	urllib browser+plain UA (byte-identical)	https://www.pubs.ext.vt.edu/content/dam/pubs_ext_vt_edu/426/426-336/SPES-796.pdf	PLA-532 admission session (VCE 426-336 PDF rendition; rejection)
c8835a65ecfb44b9b5b419d0f94d38c1f24488e6d69131fb8edde6bf1212874b	34479	2026-09-30	urllib browser+plain UA (byte-identical)	https://extension.umd.edu/resource/growing-vegetables-containers	PLA-532 admission session (UMD thinner sibling; rejection)
2dd648053064706daa828e29da6a6c18aa8512175d09def8fd4ee9f7de84db41	102972	2026-09-30	urllib browser+plain UA (byte-identical)	https://gardeningsolutions.ifas.ufl.edu/plants/edibles/fruits/dwarf-fruit-trees/	PLA-532 admission session (UF dwarf fruit trees; citrus container size NOT FOUND)
cf854574eb54182efa1fce853b98355f8a7d8e6981479a33a9a43c83d648659c	7438	2026-09-30	urllib browser UA (plain UA 403)	https://extension.oregonstate.edu/es/node/236286/printable/print	PLA-532 admission session (OSU snap peas tip sheet; pea trellis row spacing NOT FOUND)
