session	slug	current_spacing	default	source_id	url	in_row_quote	in_row_inches	row_quote	row_inches	hill_quote	hill_spacing_inches	plants_per_hill	verdict	note
3	acorn-squash	[24,48]	row	umn_ext	https://extension.umn.edu/vegetables/pumpkins-and-winter-squash	Plant pumpkin and winter squash seeds three-fourths of an inch deep, 24 to 36 inches apart. Use the closer spacing if the variety is a bush type.	[24,36]	Spacing between rows should be 5 to 6 feet.	[60,72]	Plant pumpkins in hills, with at least 8 feet of space on all sides. ... thin seedlings down to two to three plants per mound. (UGA C1206 uga_c1206_homegrown_pumpkins)	[96,96]	[2,3]	DIFFERS	"Page in-row 24-36 vs current [24,48] (the D1 blend: 48 is a row figure). Default row recommended: the only hill figure on acorn's cited pages is UGA C1206, a PUMPKIN page (SCOPE) - if a hill entry is wanted it is pumpkin-scoped; reviewer call. Other table rows: VCE 426-331 Table 5 'Squash, winter 2-4 ft 3-10 ft'; WSU EM051E Table 4 'Squash, Winter 1-1/2 24-36 72' (agrees 24-36, rows 72); UF VH021 'Squash, winter ... 36-60 60'; OSU v979v342w 'Squash (winter) ... 72"" 48""'. Crop prose 'rows 3-6 ft' has no single page; UMN 5-6 ft used. 5 cited URLs uncached (domain roots)."
3	apple	[60,300]	row	umn_ext	https://extension.umn.edu/fruit/growing-apples	Tree spacing Standard trees: 20-25 feet Semi-dwarf trees: 12-15 feet Dwarf trees: 6-8 feet	[144,180]		not_authored				DIFFERS	Current [60,300] spans all rootstock classes (D1/§5 blend). Crop default = semi-dwarf 12-15 ft [144,180] (M26 = recommended-row basis per spec §5). ROOTSTOCK OVERRIDES from UMN: dwarf 6-8 ft [72,96] -> M9 (size_class dwarf); semi-dwarf 12-15 ft [144,180] -> M26, MM106, MM111 (all size_class semi_dwarf; M26 override null since it is the basis); standard 20-25 ft [240,300] -> seedling (standard). FLAGS: (a) MM106/MM111 spreads 15/18 ft sit at/above the 12-15 semi-dwarf figure (spec decision row); (b) Clemson + UGA C740 both call M26 a DWARFING rootstock ('The two most common dwarfing rootstocks are M 9 and M 26') while the dataset size_class is semi_dwarf; (c) a per-rootstock alternative exists on cited NCSU handbook ch.15 Table 15-4 ('Recommended planting distances for apple trees grown on size-controlling rootstocks': Seedling 18-25, MM.111 14-18, MM.106 12-16, M.7a 10-14, M.26 8-12, M.9 4-8 ft nonspur) - row-named, so it maps MM106/MM111 directly. ROW: UGA C740 (uga_ext, cited) 'Table 2. Suggested Tree Spacing' carries a Between Rows column per rootstock (e.g. 'M 26 10 16 not recommended') but the cached column headers flatten ambiguously ('Between Trees in Row (ft) Between Rows (ft) Non-spur Spur Spur') - reviewer must read the PDF table before using it; left not_authored. WSU western-WA handbook cached, no number. 8 of 76 cited URLs uncached (mostly domain roots).
2	apricot	[216,264]	row	usu_ext	https://extension.usu.edu/yardandgarden/research/apricots-in-the-home-garden	Space trees 18 to 22 feet apart.	[216,264]		not_authored				AGREES	"No row figure on any cached cited page. Corroborating: UMN stone fruits (umn_ext) ""Space trees 12 to 20 feet apart"" (stone fruit generally, genus-level). 3 cited URLs uncached."
3	artichoke	[18,36]	row	usu_ext_artichoke	https://extension.usu.edu/yardandgarden/research/artichoke-in-the-garden	Space plants 18 inches apart in the row, with rows 2-3 feet apart.	[18,18]	Space plants 18 inches apart in the row, with rows 2-3 feet apart.	[24,36]				PARTIAL	"Current [18,36] is a declared cross-source blend (soil_prep_seasoned: ""18 to 36 inches apart depending on whose spacing you follow""); no single cached page states 18-36. USU covers lo only (18). Alternatives on cited pages: Cornell (cornell_ext) ""2 to 3 feet apart in rows 2.5 to 3 feet apart"" = [24,36]/[30,36] (covers hi); TAMU EHT-065 ""Transplant seedlings 2½ to 3 feet apart in rows 3 to 4 feet apart"" = [30,36]/[36,48]; OSU annual culture ""2-3 feet apart, with rows 3-4 feet apart""; UMaine 2075 ""Space plants two feet apart within rows"" + rows at least 4 ft. Decision row: default USU [18,18] (matches beginner prose 1.5 ft / 2-3 ft rows) vs Cornell [24,36]. Today string ""row"" -> row-none per spec 1.5. [cited URLs: 33, uncached: 1]"
2	arugula	[1,3]	row	uf_ifas_vh021	https://edis.ifas.ufl.edu/publication/VH021	"TABLE 1 row (cols Plants per 10 ft | Days to Harvest | Spacing Plants | Spacing Rows): ""Arugula ... 2.5 | 30–40 | 35–60 | 3–4 | 10"""	[3,4]	"same table row, Spacing (Inches) Rows = ""10"" (footnote 4: ""Minimum distance between rows (when planting in rows)."")"	[10,10]				DIFFERS	"No cited page states 1-3 as a final in-row spacing; [1,3] looks like a SOWING density (Cornell: ""Plant ¼ inch deep and 1 inch apart in rows"" then ""Gradually thin to 6-inch spacings""). Other cached cited in-row figures: UW hort ""Thin seedlings to 3-6 inches apart for individual plants"" [3,6] (no row figure); Cornell thin to 6; Clemson arugula paragraph ""Thin plants to 9 inches apart"". VH021 is a Florida table; reviewer may prefer UW [3,6]. Changing [1,3] moves thin/hero restatements: check thin_to_inches and prose. 42 cited URLs, 2 uncached (portal roots)."
3	asparagus	"[12,18] (planting_layout is the string ""row"")"	row	uga_b577	https://fieldreport.caes.uga.edu/publications/B577/	Place the crowns in the furrow 12 to 18 in. apart	[12,18]	Make rows 4 to 5 ft apart.	[48,60]				AGREES	Matches the 2026-07-23 plan pair [48,60]/[12,18] (spec 1.5). CAUTION same source id, other URL: the cached B577 planting-chart PDF (secure.caes.uga.edu/.../b577plantingchart.pdf) row reads 'Asparagus 2nd season ... 50 roots 3–5 ft 1½ to 2 ft 6 in.' (rows 36-60, plants 18-24): the two uga_b577 URLs disagree on in-row; cite the fieldreport page only. Alternative single page: mu_ext G6405 'space the crowns 12 to 18 inches apart in the furrow' + 'Each row should be no less than 5 feet apart' (the field_additions note credits Missouri). Cited pages range 9-24 in (Illinois/UGA C1026 9-12, UMD 15-18 or 18 x 4-5 ft, UADA 18-24). 5 of 59 cited URLs uncached.
2	banana-pepper	[12,18]	row	uga_ext	https://fieldreport.caes.uga.edu/publications/C1005/home-garden-peppers/	When planting, space pepper plants 12–24 in. apart in the row, with rows about 3 ft apart.	[12,24]	with rows about 3 ft apart	[36,36]				DIFFERS	"No cited page states 12-18. UGA C1005 (general pepper page that lists 'Sweet Banana' among cultivars; same species C. annuum, so not flagged SCOPE) gives 12-24; VCE 426-331 Table 5 'Peppers 12-24 in 30-36 in' and UMD '12""- 24"" in-rows x 30""- 36"" between row' agree on 12-24. Current [12,18] brackets Clemson 'Peppers should be spaced 12 inches apart in the row. Rows should be 3 feet apart.' (lo) and UMN 'Space pepper plants 18 inches apart, in rows 30 to 36 inches apart' / ISU '18 inches apart within rows' (hi) - a two-page blend. WSU Table 4 'Pepper 1/4-1/2 18-24 12-24'. Reviewer: keep [12,18] (cite Clemson+UMN) or move to [12,24]. 2 uncached (domain roots)."
2	basil	[6,12]	row	umn_ext	https://extension.umn.edu/vegetables/growing-basil	Thin and transplant seedlings to stand 6-12 inches apart once they have developed two to three pairs of true leaves.	[6,12]		not_authored				AGREES	No basil row spacing on any cached cited page (UMN, USU basil, UF VH021 has no basil row). USU basil also says thin to 3-4 then 'Continue to thin the seedlings until the final plant stand is 12 inches apart' (hi only). 3 of 42 URLs uncached (umass_ext, uf_ifas, psu_ext roots/pages).
2	bee-balm	[18,24]	row	iastate_ext	https://yardandgarden.extension.iastate.edu/faq/leaves-my-bee-balms-are-covered-grayish-white-powder-what-problem	When planting bee balms, select a site that receives at least 6 hours of direct sun each day and space plants 2 to 2½ feet apart.	[24,30]		not_authored				DIFFERS	"R5 hunt: a figure DOES exist on a cached cited page (the spec 2.3 regex missed it). Page states 24-30 vs current 18-24 (overlap only at 24). Page says ""bee balms"" (Monarda generally, a powdery-mildew FAQ): mild genus-scope flag. Only other figure: NCSU monarda-didyma ""Available Space To Plant: 12 inches-3 feet"" (a toolbox footprint field, not a spacing recommendation). 14 cited URLs, 1 uncached (hort.extension.wisc.edu homepage)."
2	beefsteak-tomato	[36,48]	row	iastate_ext	https://yardandgarden.extension.iastate.edu/how-to/growing-tomatoes-home-garden	Tomatoes allowed to sprawl over the ground should be spaced 3-4 feet apart.	[36,48]	Rows should be spaced 4-5 feet apart.	[48,60]				AGREES	"support none = sprawl (the ISU unstaked figure), so this is a valid row-none entry; same page: staked 1.5-2 ft, caged 2-3 ft (promote 2 support entries). Alt support-none source: UNL G1650 ""Set unstaked plants 3 feet apart in rows 4 to 5 feet apart"" = [36,36]/[48,60]. MU g6461 ""Large-vine tomatoes should be spaced 36 inches apart. Rows should be 4 to 5 feet apart."" Note companions.note_seasoned says ""24-36 inch spacing"" (restatement mismatch vs [36,48]). [cited URLs: 108, uncached: 8]"
2	beet	[2,4]	row	uf_ifas_vh021	https://edis.ifas.ufl.edu/publication/VH021	"TABLE 1 row: ""Beets | Sept–Mar | Sept–Feb | Oct–Jan | 7.5 | 30–60 | 50–70 | 2–4 | 12"""	[2,4]	"same row, Spacing Rows = ""12"""	[12,12]				AGREES	"VH021 is cited twice (edis + ask.ifas host), both cached. Corroborating: VCE 426-331 Table 5 ""Beets | 2-3 in | 12-18 in"" [2,3]/[12,18]; Clemson ""thin them to 2 to 3 inches between plants"" with ""rows 10 to 30 inches apart""; ISU ""thinned to 3 to 4 inches apart"", rows ""1 to 1 1/2 feet""; USU ""3 inches apart in the row with rows 12-18 inches apart"". UGA B577 table Beet ""2–2½ ft | 2 in."" (rows/plants). VH021 is the only cached page whose own range equals [2,4]."
2	bell-pepper	[18,24]	row	wsu_ext	https://s3.wp.wsu.edu/uploads/sites/2073/2014/09/Home-Vegetable-Gardening-in-Washington.pdf	Table 4 row (cols Depth | Distance Between Plants (inch) | Distance Between Rows (inch)): Pepper ¼-½ 18-24 12-24	[18,24]	same Table 4 row: Pepper ¼-½ 18-24 12-24	[12,24]				AGREES	Table row, missed by the sentence scan. Row 12-24 is narrower than every other cited page; a reviewer may prefer UMN 'Space pepper plants 18 inches apart, in rows 30 to 36 inches apart' (PARTIAL lo) or VCE Table 5 'Peppers | 12-24 in | 30-36 in'. Table names generic 'Pepper' (all Capsicum), not bell. Clemson: 12 in rows 3 ft (pimento 18-24 rows 42 in); ISU 18 in rows 24-30. 4 of 42 cited URLs uncached.
3	blackberry	[36,72]	row	clemson_hgic	https://hgic.clemson.edu/factsheet/blackberry/	Erect varieties should be planted 2 to 4 feet apart in the row and 10 feet between rows.	[24,48]	and 10 feet between rows	[120,120]				DIFFERS	Erect default per spec blend repair: page 24-48 vs current [36,72]. Same Clemson page: 'Semi-trailing varieties should be planted 6 to 8 feet apart in the row, with rows 10 feet apart' (trailing entry waits on plant_habit). Corroborating: UC MG SLO 'Space plants 3-4 feet apart in the row allowing 8-10 feet betwee[n rows]'; USU 'set erect and semierect blackberries plants 5 feet apart'; NOT trellis-post spacing ('posts ... 10 to 20 feet apart' excluded). 2 uncached (domain roots).
2	blueberry	[48,72]	row	ncsu_ext	https://content.ces.ncsu.edu/growing-blueberries-in-the-home-garden	Plant highbush varieties every 4-5 ft in the row and 8-10 ft between rows.	[48,60]	Plant highbush varieties every 4-5 ft in the row and 8-10 ft between rows.	[96,120]				PARTIAL	Lo 48 matches highbush; hi 72 is the RABBITEYE figure (NCSU: 'Plant rabbiteye varieties 5-6 ft in the row and 10-12 ft between rows'), so current [48,72] is a highbush/rabbiteye blend. Default type is a decision row. Alternatives on cited pages: UGA C946 'For highbush (southern or northern) a spacing of 4 ft between plants in a row and 10 ft between rows is suggested' ([48,48]/[120,120]); Clemson 'Southern highbush - 4 to 5 feet in the row and 8 to 10 feet between rows'; UMD '4-5 feet between each blueberry in a row and 6-8 feet between rows'; UMaine 'five to seven feet apart in rows eight to ten feet apart'. Ignore UMaine SWD trap '25 feet apart in a grid' (trap grid). 6 of 67 URLs uncached.
2	bok-choy	[6,12]	row	ncsu_ext	https://plants.ces.ncsu.edu/plants/brassica-rapa-chinensis-group/	Bury seeds 1/4 to 1/2 in deep and space or thin plants to 6 in apart.	[6,6]		not_authored				PARTIAL	"R5 hunt: species-scoped page (B. rapa chinensis) states lo only. UMN growing-chinese-cabbage-and-bok-choy (umn_ext) covers both crops jointly: ""After the seedlings emerge, thin to one plant every 12 to 18 inches"" (would give [12,18], DIFFERS; joint Chinese-cabbage/bok-choy scope). VCE 426-331 Table 5 ""Cabbage, Chinese 4-30 in 18-36 in"" and VH021 ""Chinese cabbage ... 14-18 14"" are Chinese cabbage rows, SCOPE. No pak-choi row figure found. All 42 cited URLs cached."
2	borage	[12,24]	row	ucanr_marin_mg	https://ucanr.edu/site/uc-marin-master-gardeners/document/borage	Thin so mature plants stand a foot or two apart.	[12,24]		not_authored				AGREES	"R5 HUNT RESOLVED: not NO_PAGE. The spec/scan regex missed ""a foot or two"" (no digits). UC Marin MG herb grow sheet is borage-specific and recommending. No row figure on any cached cited page. Checked all cached borage pages: NCSU toolbox borago-officinalis gives only ""Available Space To Plant: Less than 12 inches"" (a toolbox category, not a spacing, and it conflicts at the hi end); UCANR backyard-gardener blog, UMN edible-flowers, UF/IFAS Nassau blog, WVU companion page: no spacing. TAMU growingherbsintexas (""Borage ... Space 12 in. apart"") is NOT cited by borage (borage cites only the agrilifeextension.tamu.edu root). Uncached: wvu_ext root, uf_ifas root, aspca list page. [cited URLs: 22, uncached: 3]"
3	broad-beans-fava	[4,8]	row	ucanr_santa_clara_mg	https://ucanr.edu/site/uc-master-gardeners-santa-clara-county/fava-beans	For producing pods to eat, direct seed 3 to 5 inches apart in February or in August to September ... Thin to 8 to 10 inches apart.	[8,10]		not_authored				DIFFERS	"Blend repair confirmed: in-row = thin-to [8,10]. NOTE the page says SOW 3-5 (not 4-6 as the kickoff/spec states). The 4-6 figure is UMass nevegetable.org (""Fava Beans: Direct seed as early as possible ... Space plants 4-6"" apart within rows, with 18-36"" between rows"") - that page is the New England Vegetable Management Guide (commercial-leaning, lb/A seeding rates nearby); it is the only cached cited row figure [18,36], but pairing it with the UC thin-to figure would make a two-page entry. Spec cites ""rows 18-30"" from the crop prose: not found on a cached cited page. thin_to_inches is [4,6] today and must be reconciled to [8,10]. 42 URLs, 3 uncached."
2	broccoli	[12,24]	row	vce_426_331	https://www.pubs.ext.vt.edu/426/426-331/426-331.html	Table 5 row (Distance between plants in row | Distance between rows): Broccoli | 12-24 in | 18-36 in	[12,24]	same Table 5 row: Broccoli | 12-24 in | 18-36 in	[18,36]				AGREES	Table row. Also agrees: OSU table (osu_ext, ir.library.oregonstate.edu/downloads/v979v342w) 'Broccoli ... 10–20’ of row 12–24” 12–24”' (rows 12-24). Sentence pages: USU 12-18 rows 2-3 ft; Clemson 1.5-2 ft rows 3 ft; NCSU 8-24 (commercial bed framing). 4 of 40 cited URLs uncached.
2	brussels-sprouts	[18,24]	row	iastate_ext	https://yardandgarden.extension.iastate.edu/how-to/growing-brussels-sprouts-home-garden	When planting cole crops in the garden, space plants 18 to 24 inches apart within the row.	[18,24]	Rows should be approximately 24 to 30 inches apart.	[24,30]				AGREES	Brussels sprouts page, sentence phrased for cole crops generally. Corroborating: SD MG 'Space transplants 18 to 24 inches apart in rows 2 -3 feet apart'; VCE Table 5 'Brussels sprouts 18-24 in 30-36 in'; WSU Table 4 'Brussels Sprout 1/4-1/2 18-24 24-36'. USU says 12-18 in rows 2 ft; UC IPM/Santa Clara 24. 4 uncached (domain roots).
3	butternut-squash	[24,72]	row	umn_ext	https://extension.umn.edu/vegetables/pumpkins-and-winter-squash	Plant pumpkin and winter squash seeds three-fourths of an inch deep, 24 to 36 inches apart. Use the closer spacing if the variety is a bush type.	[24,36]	Spacing between rows should be 5 to 6 feet.	[60,72]	Plant pumpkins in hills, with at least 8 feet of space on all sides. ... thin seedlings down to two to three plants per mound. (uga_c1206_homegrown_pumpkins)	[96,96]	[2,3]	DIFFERS	Blend repair: current [24,72] mixes in-row 24-36 with row 5-6 ft; page in-row is [24,36] (matches own soil_prep prose). Recommend ROW default (UMN covers winter squash). The only hill figure is UGA C1206, a PUMPKIN page = SCOPE for butternut; also 'at least 8 feet' is a minimum. Table rows on cited pages: UF VH021 'Squash, winter ... 36-60 60' (plants/rows in); VCE 426-331 'Squash, winter 2-4 ft 3-10 ft'. Restatement: yield_expectations.factors_seasoned[2]. 5 of 34 URLs uncached.
2	cabbage	[12,24]	row	nmsu_ext	https://pubs.nmsu.edu/_circulars/CR457B/	CR457B Table 2 row: Cabbage 67 1/2 12—24 24—36 (cols: Distance Between Plants in Rows (in.), Distance Between Rows (in.))	[12,24]	Cabbage 67 1/2 12—24 24—36 (Distance Between Rows (in.) = 24—36)	[24,36]				AGREES	Table row, not a sentence (scan missed). Others differ: USU cabbage 12-18 in rows 2-3 ft; ISU 18-24 rows 24-30; VCE 12-18 / 18-36; UMN 18 (rows 24-30); VH021 9-16 / 24 min. 8 cited URLs uncached.
2	calendula	[8,12]	row	usu_ext	https://extension.usu.edu/yardandgarden/research/calendula-in-the-garden	After emergence, thin seedlings to 8 to 12 inches apart in the row.	[8,12]		not_authored				AGREES	"No row spacing on any cached cited page (spec 10.1 lists calendula among no-row-page crops; confirmed). UF/IFAS FP087 (pot marigold) states ""Plant spacing: 6 to 12 inches"" and ""Spaced 12-18 inches apart"" (mass planting/landscape), not used. [cited URLs: 18, uncached: 1]"
3	cantaloupe	[24,36]	row	vce_426_331	https://www.pubs.ext.vt.edu/426/426-331/426-331.html	"TABLE 5 row (Distance between plants in row | Distance between rows): ""Muskmelon | 24-36 in | 60-90 in"""	[24,36]	"same row: ""60-90 in"""	[60,90]	"ISU: ""Plant 4 or 5 seeds per hill ... remove all but 2 or 3 healthy, well-spaced plants per hill ... Melon hills should be spaced 1.5 to 2 feet apart, with 5 to 6 feet between the rows."""	[18,24]	[2,3]	AGREES	"Hill candidate. Hill entry source iastate_ext https://yardandgarden.extension.iastate.edu/how-to/growing-cantaloupe-muskmelon-and-other-melons-home-garden, hill row_spacing [60,72]. Alternative hill: USU cantaloupe ""Plant 4-6 seeds in mounds 4 feet apart. After they have two leaves, thin to 2 plants per mound"" [48,48]/[2,2] (no hill-row figure). Spec §2.4 attributes ""Transplants should be planted 2 feet apart in row"" to ISU: it is actually USU (https://extension.usu.edu/yardandgarden/research/cantaloupe-in-the-garden, ""Transplants should be planted 2 feet apart in row, with rows 4-6 feet apart""). Other row figures: WSU Table 4 ""Muskmelon (Cantaloupe) ... 24-36 | 36-48""; UMD ""Muskmelon (Cantaloupe) 24"" in-rows x 60""- 72"" between rows""; Clemson 18-24 in rows 6-8 ft; UGA B1179 ""4 to 6 feet between rows and 2 to 3 feet in the row"" is a COMMERCIAL production bulletin. Default row vs hill is a decision row."
2	carrot	[2,4]	row	umn_ext; clemson_hgic	https://extension.umn.edu/vegetables/growing-carrots-and-parsnips ; https://hgic.clemson.edu/factsheet/carrot-beet-radish-parsnip/	(umn_ext) thin by pulling up extra seedlings so that the remaining plants are about two to four inches apart.	[2,4]	(clemson_hgic) Plant carrots in rows 12 to 18 inches apart	[12,18]				AGREES	Two sources needed: UMN gives in-row but no row figure; Clemson gives the row figure (its in-row is 'Thin the carrots to 2 to 3 inches between plants', PARTIAL). Both URLs are already in carrot's spacing_inches_anchoring_urls (with umd_ext, whose 'thin to 1 to 2 inches apart' / 'Thin to 1 - 4 inches apart' does not match). WSU Table 4 'Carrot ¼-½ 1-2 12-24'; VCE 'Thin to 1.5-2 in | 6-12 in'. 2 of 57 cited URLs uncached.
2	cauliflower	[18,24]	row	iastate_ext	https://yardandgarden.extension.iastate.edu/how-to/growing-cauliflower-home-garden	When planting cole crops in the garden, space plants 18 to 24 inches apart within the row.	[18,24]	Rows should be approximately 24 to 30 inches apart.	[24,30]				AGREES	Cauliflower page, cole-crops phrasing. Clemson cauliflower: 'Plant cauliflower in rows that are 3 feet apart and spaced 18 inches apart in the row.' USU 12-18 in rows 2-3 ft; VCE Table 5 'Cauliflower 12-24 in 24-36 in'; WSU Table 4 'Cauliflower 1/4-1/2 18 24-36'. 6 uncached (domain roots).
3	cayenne-pepper	[18,24]	row	umn_ext	https://extension.umn.edu/vegetables/growing-peppers	Space pepper plants 18 inches apart, in rows 30 to 36 inches apart.	[18,18]	Space pepper plants 18 inches apart, in rows 30 to 36 inches apart.	[30,36]				PARTIAL	Page covers lo only (18); hi 24 unstated on a cited general-pepper page. All pages are general Capsicum pepper pages (cayenne is C. annuum, same species, so not an other-species SCOPE problem; no cayenne-specific spacing sentence on any cached page). Alternatives: UGA C1005 (uga_ext) 'space pepper plants 12-24 in. apart in the row, with rows about 3 ft apart' ([12,24]/[36,36]); ISU 'commonly spaced 18 inches apart within rows. Rows should be spaced 24-30 inches apart'; USU '18 inches apart in row, with rows 18-24 inches apart'; Clemson 12 in / 3 ft. Table rows: VCE 'Peppers 12-24 in 30-36 in'; UF VH021 'Peppers ... 9-15 15'. Restatement: growth_stages[2]. 4 of 56 URLs uncached.
2	celery	[6,10]	row	uf_ifas_vh021	https://edis.ifas.ufl.edu/publication/VH021	VH021 Table 1 row: Celery Jan–Mar Sept–Mar Oct–Mar 15 10–20 75–90 6–12 18 On surface (Spacing (Inches) Plants = 6–12)	[6,12]	same row, Spacing Rows = 18 (footnote 4: Minimum distance between rows)	[18,18]				DIFFERS	"No cited page states 6-10. VH021 6-12 (lo agrees, hi 12). Row figure is a stated MINIMUM. Alternatives: WSU EM051E Table 4 ""Celery 1/8 8 24-36"" (8 in, rows 24-36); OSU v979v342w table ""Celery ... 24in 5in"" (rows 24, in-row 5); USU celery ""the plants 12 inches apart in the row"" rows 2 ft. Florida-scoped table; reviewer may prefer WSU. 2 uncached (OSU, WSU homepages)."
2	chamomile	[8,12]	row	msu_bozeman	https://agresearch.montana.edu/warc/research_current/research_past/herbsandoils/chamomile.html	"Transplants may be spaced 8"" apart in rows 18"" apart."	[8,8]	"Transplants may be spaced 8"" apart in rows 18"" apart."	[18,18]				PARTIAL	"Only lo (8) is on a page; nothing cached states 12. Page is a Montana State ag-research-center herb trial page: the quoted sentence is a recommendation in its culture section, but the same page also reports trial layouts (""8.4"" between plants and 18"" between rows"", plots) which must NOT be used. Other cited pages: TX MG Bodegold ""Spread: 9 - 12 Inches"" (plant width, not spacing); UC Santa Clara MG ""12 to 14 inches wide"" (width); NCSU toolbox ""Less than 12 inches"" (category); UW hort none. Decision row: [8,8] from MSU or keep [8,12] unsourced. [cited URLs: 20, uncached: 3]"
2	cherry-sour	[180,300]	row	iastate_ext	https://yardandgarden.extension.iastate.edu/how-to/growing-cherries-home-garden				not_authored				NO_PAGE	"No cached cited page states a numeric between-tree spacing for sour cherry. Nearest: ISU cherries page gives a RULE, ""Spacing between trees should be equal to their approximate mature height. For example, if the trees are expected to reach 15 feet tall, they should be spaced 15 feet apart."" plus sour-cherry heights on the same page (""Northstar is a dwarf tree that commonly grows 8 to 10 feet tall""; Meteor ""may eventually reach 10 to 14 feet tall"") -> derivable [96,168], NOT a stated figure. CAUTION: that ISU planting paragraph begins ""Peach trees should be planted in early spring"" on the cherries page (template contamination on the source). NCSU handbook Table 15-5 has no cherry row; WSU western-WA handbook and WSU cherry-rootstocks have no recommending figure. [180,300] is unsupported by anything cached. Checked 43 URLs, 5 uncached (ifas.ufl.edu, aspca, extension.oregonstate.edu, extension.wsu.edu, extension.psu.edu roots)."
2	cherry-sweet	[180,300]	row	osu_ext	https://extension.oregonstate.edu/catalog/pnw-619-sweet-cherry-rootstocks-pacific-northwest	Vigorous rootstocks are best suited to standard density orchards of 120 to 160 trees per acre at 15-feet-by-20-feet spacing.	[180,180]	same sentence (15-feet-by-20-feet)	[240,240]				COMMERCIAL	R1/5.2: the page states spacing BY ROOTSTOCK CLASS: 'Vigorous rootstocks include ‘Mazzard’, ‘Mahaleb’ and ‘Colt’' -> 15x20 ft (or 13x16 ft trained as Spanish/Kym Green Bush, 300-340 trees/acre); Gisela 5 '500–800 or more trees per acre' (density only). Per-acre commercial orchard framing; which axis is in-row in '15-feet-by-20-feet' is not stated (assigned 15 in-row by convention). No home-garden figure on any cached cited page: ISU gives a rule only ('Spacing between trees should be equal to their approximate mature height. For example, if the trees are expected to reach 15 feet tall, they should be spaced 15 feet apart.'); WSU western-WA handbook 'Optimum spacing for trees is determined by size of mature trees' (no number); NCSU handbook Table 15-5 has no cherry row; UNR SP2007 none. Nothing supports 300 (25 ft). 5 of 44 cited URLs uncached (mostly site roots).
2	cherry-tomato	[24,36]	row	psu_ext	https://extension.psu.edu/heat-stress-and-tomatoes	and 24 to 36 inches between plants in a row and a minimum of 5–6 feet between rows for indeterminate tomatoes without stakes.	[24,36]	a minimum of 5–6 feet between rows for indeterminate tomatoes without stakes	[60,72]				AGREES	"General tomato page (same species; not SCOPE). PSU unstaked-indeterminate fits a row-none default; row figure is framed as a MINIMUM. Existing spacing anchors (psu, iastate, umd, umn) migrate; note UMN growing-tomatoes cached text has NO in-row figure (anchor is not figure-bearing). ISU 'If grown in wire cages, space plants 2-3 feet apart' (cage, promote 2). UNL G1650 (cited, cached): 'Set unstaked plants 3 feet apart in rows 4 to 5 feet apart ... staked 18 to 24 inches apart in rows 3 feet apart. Caged ... 24 to 36 inches apart in rows 4 feet apart' - unstaked per UNL is 36 not 24-36. UMD '18""-36"" in rows x 48""-60"" between rows'. Default/support choice is the promote-2 decision row. 9 uncached."
2	chives	[8,12]	row	umn_ext	https://extension.umn.edu/vegetables/growing-chives	Space plants 6 to 12 inches apart.	[6,12]		not_authored				DIFFERS	Page lo 6 vs current 8 (hi matches). UMN sentence sits in the division/replant paragraph ('Divide established plants every three to four years... Space plants 6 to 12 inches apart. Replant new clumps'), so it is a clump spacing. Alt: UWI 'Space the clumps 12 to 20 inches apart' ([12,20]). No cited page states 8. USU/UMN onion pages are bulb-onion SCOPE, not used. No row figure. 10 of 54 URLs uncached (incl. uwi_hort, uiuc_ext, wsu_ext, osu_ext).
2	cilantro-coriander	[2,4]	row	usu_ext	https://extension.usu.edu/yardandgarden/research/cilantro-coriander-in-the-garden	Plant cilantro seeds ½ inch deep and space 2 inches apart if you are planning to use the plant for its leaves.	[2,2]	Rows should be at least 15 inches apart.	[15,15]				PARTIAL	"Lo only. Row is a stated minimum. Same page: ""For coriander seed, space the seeds 8-10 inches apart"" (seed-crop use). Alternatives: UW-Madison (uwi_hort) ""Thin the well-established seedlings to 3-6in apart"" rows ""about a foot apart"" ([3,6]/[12,12], DIFFERS); Clemson ""spacing or thinning of 6 to 8 inches apart ... 1-foot row spacing"". 2 uncached (homepages)."
2	collards	[18,24]	row	umd_ext	https://extension.umd.edu/resource/growing-leafy-greens-home-garden	"Kale, collard, and mustard: 12""- 24"" in-row x 30""- 36"" between rows for large plants."	[12,24]	"Kale, collard, and mustard: 12""- 24"" in-row x 30""- 36"" between rows for large plants."	[30,36]				PARTIAL	"Covers hi (24) only; no cached cited page states 18-24 for collards. Same figure in VCE 426-331 Table 5 row ""Collards, kale 12-24 in 18-36 in"" (rows 18-36). Others: NCSU collard-greens ""If plants will be harvested when full-grown, space seeds 15 to 18 inches apart."" (full-grown, [15,18]); UGA CAES collards ""Thin seedlings to 6 to 12 inches apart ... Allow at least 3 feet between rows""; UMN ""Transplant the seedlings eight inches apart, in rows 18 inches apart""; ISU ""Kale, collards, and endive benefit from 15- to 18-inch spacing"". Restatements saying 18-24 (growth_stages[1], tips_by_stage.seedling[0]) would need reconciling. Decision row. [cited URLs: 55, uncached: 2]"
2	cosmos	[12,18]	row						not_authored				NO_PAGE	"R5 hunt. No cached cited page states a planting spacing. Only near-miss: NCSU plant toolbox cosmos-bipinnatus attribute ""Available Space To Plant: 12 inches-3 feet"" (a toolbox field, not a spacing sentence; reviewer call whether it counts; it does not support [12,18]). Checked: plants.ces.ncsu.edu/plants/cosmos-bipinnatus, gardeningsolutions.ifas.ufl.edu cosmos (heights only, ""Plant them by raking loose seeds into the soil""), ipm.ucanr.edu cosmos + aster-yellows, UMN diagnose page, edis EP452, uada spring-summer-planting-dates (vegetable table), UNR FS-02-61 (raised-bed depth only), USU veg dates, plus portal roots (mgsantaclara, marinmg, ucanr.edu, extension.arizona.edu, ctahr, agrilifeextension, content.ces.ncsu.edu, hgic, umd, ipm.ucanr.edu, extension.umn.edu/vegetables). 21 URLs, 1 uncached (https://ifas.ufl.edu)."
2	cucumber	[12,24]	row	vce_426_331	https://www.pubs.ext.vt.edu/426/426-331/426-331.html	Table 5 row: Cucumbers | 12-18 in | 48-72 in	[12,18]	same Table 5 row: Cucumbers | 12-18 in | 48-72 in	[48,72]				PARTIAL	"lo only. No cached cited page states 12-24; current looks like VCE/UMD lo + OSU slicing hi. OSU table (osu_ext v979v342w): 'Cucumbers (slicing) ... 6 plants 48” 24”' and '(pickling) ... 48” 6–12”'. UMD 'Spacing : 12"" in-row x 48"" - 72"" between rows; or plant in a hill (two to three plants per hill)'. WSU Table 4 'Cucumber 1 12-18 36-48'. Clemson non-trellised '8 to 10 inches apart in rows that are 5 feet apart'. Hill option on UMN: 'A ""hill"" of three or four seeds sown close together ... Allow five to six feet between hills' (hill [60,72], 3-4 seeds) if a hill entry is wanted. 3 of 39 cited URLs uncached."
2	dill	[8,12]	row	usu_ext	https://extension.usu.edu/yardandgarden/research/dill-in-the-garden	After emergence, thin plants to 9 inches apart and space rows 12 inch apart.	[9,9]	space rows 12 inch apart	[12,12]				DIFFERS	Page states a single 9 in; current [8,12] is a blend of USU 9 and harvest-to-table 10-12 (non-catalog, per open_findings[2]). UWI dill: 'Seedlings should be thinned to 3-6 inches apart when they are 3-4 weeks old.' TAMU RGV guide has no dill figure. No cited page states 8-12. 1 uncached.
2	dry-bean	[2,4]	row	clemson_hgic	https://hgic.clemson.edu/factsheet/bush-pole-type-snap-beans/	Plant bush-type beans in rows spaced 2 to 3 feet apart with the seed spaced 2 to 4 inches apart in the row.	[2,4]	Plant bush-type beans in rows spaced 2 to 3 feet apart	[24,36]				SCOPE	Figures match current, but every home-garden spacing on cached cited pages is a SNAP-bean page (same species P. vulgaris, bush habit) - no dry-bean-specific home sentence found. NMSU CR457 Dry Beans section has no spacing. The only dry-bean-specific figure is COMMERCIAL: UC Davis dry bean manual (ucanr_ext 80592) 'selected bean varieties spaced 2, 3, or 4 inches apart in 30-inch rows' (seeding-rate table caption). Same values also on UIUC snap-beans ('bush beans 2 to 4 inches apart in rows at least 18 to 24 inches apart') and UF VH021 'Beans, bush ... 2-4 18'. 4 of 43 URLs uncached.
2	echinacea	[18,24]	row						not_authored				NO_PAGE	"Checked all 13 cached of 16 cited URLs: PSU purple-coneflower (only ""should be spaced properly for airflow"", no number), UF gardeningsolutions purple-coneflower (""three-foot clump"", size), Clemson HGIC echinacea (""20 to 28 inches wide""; E. purpurea ""1½ feet wide"": widths, no spacing), NCSU echinacea-purpurea (""Available Space To Plant: 12 inches-3 feet"", footprint field), UIUC hortanswers, UNR 2002-3280, UADA spring veg, USU veg dates, UMN /vegetables, and 4 homepages (TAMU, NCSU content, UMD, Clemson). 3 uncached: extension.illinois.edu/gardening, extension.psu.edu, ifas.ufl.edu (all homepages)."
2	edamame	[2,4]	row	vce_spes_455	https://www.pubs.ext.vt.edu/SPES/spes-455/spes-455.html	Sow seeds 2-4 inches apart in furrows	[2,4]	Rows can be spaced 15-36 inches apart	[15,36]				AGREES	"FLAG: VCE SPES-455 is a grower-facing production publication (not per-acre in the sentence itself). Sow spacing doubles as stand spacing (no thinning stated). Home-garden alternatives: WSU home-veg Table 4 row ""Edamame 1½-2 2-3 24-30"" (depth, between plants 2-3, rows 24-30) = [2,3]/[24,30]; MU news ""plants spaced at 4-inch intervals within a row""; Rutgers commercial-veg-rec ""plant the seeds 2 to 4 inches apart within the row"" + ""rows 30 to 36 inches apart"" (explicitly commercial, plants/acre). [cited URLs: 47, uncached: 3]"
2	eggplant	[18,24]	row	vce_426_331	https://www.pubs.ext.vt.edu/426/426-331/426-331.html	"TABLE 5 row: ""Eggplant | 18-24 in | 30-42 in"""	[18,24]	"same row: ""30-42 in"""	[30,42]				AGREES	"Corroborating: UMN ""Space eggplants 18 inches apart, in rows 30 to 36 inches apart.""; ISU ""space plants 2 feet apart within the row ... Rows should be spaced 3 feet apart.""; WSU Table 4 ""Eggplant ... 18 | 24-36""; Clemson ""2 to 2½ feet apart in rows that are 3 to 4 feet apart"" [24,30]; UF VH021 ""18–40 | 36""; OSU table 24""/24"". VCE is the only one equal to [18,24]."
2	elderberry	[48,96]	row	psu_ext	https://extension.psu.edu/elderberry-in-the-garden-and-the-kitchen	Ensure spacing is 5 to 7 feet between plants	[60,84]		not_authored				DIFFERS	Page 60-84 vs current 48-96 (neither end matches). Only cached cited page stating a spacing. Checked: MU AF1017 (cached copy 8.3 KB, no spacing text), MSU 'elderberries_an_edible_landscape_plant' (no spacing), NCSU toolbox Sambucus canadensis (height 5-12 ft, width 6-12 ft only), Clemson/UADA/UMD/UMN/NCSU roots, NWS TM-235, UNR FS0261, USU frost. 1 of 15 cited URLs uncached (extension.psu.edu root). No row figure, as spec 10.1 expects.
2	english-cucumber	[12,18]	row	vce_426_331	https://www.pubs.ext.vt.edu/426/426-331/426-331.html	Table 5 row: Cucumbers 12-18 in 48-72 in	[12,18]	Table 5 row: Cucumbers 12-18 in 48-72 in (Distance between rows)	[48,72]				AGREES	VCE Table 5 is a general home-garden cucumber row (same species; English is a greenhouse slicer type). WSU Table 4 'Cucumber 1 12-18 36-48' agrees. The English-type-specific page ACES greenhouse also agrees but is COMMERCIAL greenhouse + trellised: 'Within the row, plants are spaced 12 to 18 inches ... Rows are 4-5 ft. apart on center' - a row-trellis entry if wanted (promote 2). Home-garden pages differ: Clemson 8-10 non-trellised / thin to 9-12 trellised; UMN thin 8-12; UMD 9-12. 8 uncached.
3	field-corn	[8,12]	block	umn_ext	https://extension.umn.edu/vegetables/growing-sweet-corn	Plant seeds one inch deep, and eight to 12 inches apart, with rows 30 to 36 inches apart. Plant in blocks of at least four rows	[8,12]	with rows 30 to 36 inches apart	[30,36]	"Sweet corn may also be planted in ""hills."" Sow 4 to 5 seeds per hill with approximately 3 inches between seeds. Hills should be spaced 2½ feet apart with 2½ to 3 feet between rows. (iastate_ext growing-sweet-corn-home-garden)"	[30,30]	[4,5]	SCOPE	Figures match current but all are SWEET-CORN pages (same species, different type). Only field/dent-specific home statement: Clemson 'Homegrown Grits' (clemson_hgic, cited) - heirloom dent corns 'grow tall, up to 15 feet, and smaller plantings may blow over more easily in a storm unless spaced a little further apart (2 ft) and hilled with soil' then defers to sweet corn - reviewer call ([24,24]?). UGA B577 generic 'Corn ... 3-3½ ft 12-18 in.' (rows 36-42 / plants 12-18; label is just 'Corn'). Hill plants_per_hill is SEEDS per hill (ISU gives no thin-to count) - flag. NCSU organic sweet corn 'thinned to stand 8 to 12 inches apart' is commercial-framed. 3 of 40 URLs uncached.
2	fig	[120,240]	row	uf_ifas_edis	https://edis.ifas.ufl.edu/publication/MG214	The spacing of 10–16 ft (3–5 m) between plants and 13–20 ft (4–6 m) between rows is used for orchards, and similar spacing should be maintained for dooryard trees	[120,192]	13–20 ft (4–6 m) between rows ... similar spacing should be maintained for dooryard trees	[156,240]				DIFFERS	"Current [120,240] = UGA C945 bush lo (10 ft) joined to tree hi (20 ft), a form blend. UGA C945 (uga_ext): ""Figs grown in the bush form may be set as close as 10 feet apart in the row and 15 feet apart between rows. Figs grown in tree form should be set 15 to 20 feet apart in the row and 20 feet apart between rows."" Either UGA form is a clean alternative ([120,120]/[180,180] bush; [180,240]/[240,240] tree). Also UMD ""Space plants at least 10 feet apart in each direction""; NCSU Table 15-5 ""Figs 10"" (minimum). MG214 is orchard-framed but explicitly extends to dooryard. 2 uncached."
3	flint-corn	[8,12]	block	iastate_ext	https://yardandgarden.extension.iastate.edu/how-to/growing-and-harvesting-ornamental-corn	Space seeds 8 to 10 inches apart within rows for small-eared cultivars and 10 to 12 inches apart for large-eared cultivars.	[8,12]	Rows should be spaced 30 to 36 inches apart.	[30,36]				AGREES	"block-none default; page also says ""For proper pollination, plant in blocks of at least 4 rows"" (matches pollination_block_min_rows 4). [8,12] is a composite of the small-eared 8-10 and large-eared 10-12 clauses of one sentence. Scope: ISU ornamental corn page (ornamental/Indian corn = flint-type); acceptable but reviewer should confirm. NO hill entry: no flint/ornamental-scoped cached page gives hills (ISU sweet-corn page ""Hills should be spaced 2½ feet apart"" is sweet corn = SCOPE, not used). Other flint-scoped pages: NCSU glass-gem ""Sow ¾–1"" deep, 6–7"" apart, rows 30–36"" apart"" (seed-catalog-style sowing rate); Clemson homegrown-grits (dent corn) ""spaced a little further apart (2 ft)"". [cited URLs: 41, uncached: 3]"
2	garlic	[4,6]	row	wsu_ext	https://s3.wp.wsu.edu/uploads/sites/2073/2014/09/Home-Vegetable-Gardening-in-Washington.pdf	"TABLE 4 row (Depth | Distance Between Plants | Distance Between Rows): ""Garlic 2 4-6 12-24"""	[4,6]	"same row: ""12-24"""	[12,24]				AGREES	"Corroborating: UC MG Santa Clara ""Plant cloves 4 to 6 inches apart"" (no row); CTAHR VC-8 ""4- to 6-inch spacing between plants within the rows, and rows can be spaced 6 to 12 inches on a bed""; TAMU Bexar ""three-to-six inches apart in rows 18 to 24 inches apart""; USU ""cloves 3-4 inches apart in the row, with rows 6-10 inches apart""; OSU table 18""/3"". wsu_ext source id is shared with uncached https://extension.wsu.edu portal; the cached URL is the EM051E-style PDF. 40 URLs, 9 uncached."
2	grape-tomato	[24,36]	row	psu_ext	https://extension.psu.edu/heat-stress-and-tomatoes	24 to 36 inches between plants in a row and a minimum of 5–6 feet between rows for indeterminate tomatoes without stakes	[24,36]	same clause: a minimum of 5–6 feet between rows	[60,72]				AGREES	Unstaked indeterminate = support none, so it fits promote 1's row-none default; staked (18-24, rows 5-6 ft) and caged entries are promote 2. Row is stated as a MINIMUM. Generic tomato page (grape type not named). Already in spacing_inches_anchoring_urls. Others: ISU 'If grown in wire cages, space plants 2-3 feet apart' (cage) and 'Rows should be spaced 4-5 feet apart'; UMD '18”-36” in rows x 48”-60” between rows'; WSU '18-36 36-48'; VCE '18-36 in | 36-50 in'; UH HGV-5 15 in rows 24-30. 8 of 124 cited URLs uncached.
2	grapefruit	[216,360]	row	uf_ifas_hs132	https://edis.ifas.ufl.edu/publication/HS132	For home plantings, the spacing recommended should be a minimum of 15 feet between trees.	[180,?]		not_authored				PARTIAL	Lower bound only (a MINIMUM, no hi) and it is citrus-wide (SCOPE: HS132 names no species; spec 2.3 accepts it for all citrus). Page lo 180 differs from current lo 216; current [216,360] has no page. TAMU citrus (cited): 'Plant most citrus trees 6 to 8 feet from buildings ... and twice that far from each other' = 12-16 ft, also citrus-wide. Spec 5.2 flags grapefruit off-basis (Swingle rootstock, HS1260 in-row 8-12 ft is NOT cited by grapefruit). Same HS132 also cached at ask.ifas.ufl.edu. No row figure (CG040 windbreak sentence excluded). 3 uncached.
2	green-beans-bush	[2,4]	row	clemson_hgic	https://hgic.clemson.edu/factsheet/bush-pole-type-snap-beans/	Plant bush-type beans in rows spaced 2 to 3 feet apart with the seed spaced 2 to 4 inches apart in the row.	[2,4]	Plant bush-type beans in rows spaced 2 to 3 feet apart	[24,36]				AGREES	Also UIUC snap-beans 'Plant seeds of bush beans 2 to 4 inches apart in rows at least 18 to 24 inches apart' (rows [18,24]); UGA B577 'Bean, bush ... 3 ft 2 to 4 in.'; UF VH021 'Beans, bush ... 2-4 18'; VCE 'Beans, bush 1-3 in 24-36 in'; NMSU CR457 (cited as nmsu_ext; CR457B not cited here). Note these are seed spacings (no thinning). 5 of 42 URLs uncached.
2	habanero	[18,24]	row	umd_ext	https://extension.umd.edu/resource/growing-peppers-home-garden	"Spacing: 12""- 24"" in-rows x 30""- 36"" between row"	[12,24]	"x 30""- 36"" between row"	[30,36]				SCOPE	"All spacing pages are generic pepper pages (Capsicum, mostly C. annuum); habanero is C. chinense. UMD page does name ""Habanero types"" in its ripening text, so it is the closest scope. Also DIFFERS (12-24 vs 18-24). No cited page states 18-24 for peppers: UMN ""18 inches apart, in rows 30 to 36""; USU ""18 inches apart in row, with rows 18-24""; ISU ""18 inches apart within rows ... 24-30""; UGA C1005 ""12–24 in. apart in the row, with rows about 3 ft""; Clemson 12 in, rows 3 ft; VCE ""Peppers 12-24 in 30-36 in""; VH021 9-15/15. NCSU capsicum-chinense only ""Available Space To Plant: 12 inches-3 feet"". 4 uncached."
2	heirloom-tomato	[24,36]	row	mu_ext	https://extension.missouri.edu/g6461	Ideal spacing for home garden tomatoes is generally 24 to 36 inches between plants.	[24,36]	Rows should be 4 to 5 feet apart.	[48,60]				AGREES	"Support not stated in the MU sentence (general home-garden spacing) -> row-none. The row sentence follows ""Large-vine tomatoes should be spaced 36 inches apart."" in the same Planting distances paragraph. Alt: Cornell tomato guide ""24 to 36 inches apart for unstaked indeterminate varieties"" (support none explicit, no row figure); Illinois hortanswers ""trellised or ground bed plants 24 to 36 inches apart"". [cited URLs: 110, uncached: 8]"
3	honeydew-melon	[36,48]	row	usu_ext	https://extension.usu.edu/yardandgarden/research/honeydew-and-other-melons-in-the-garden	Transplants should be planted 2 feet apart in row, with rows 4-6 feet apart.	[24,24]	"same sentence: ""with rows 4-6 feet apart"""	[48,72]	"same USU page: ""Plant 4-6 seeds in mounds 4 feet apart. After they have two leaves, thin to two plants per mound."""	[48,48]	[2,2]	DIFFERS	"Hill candidate. No cached cited page states 36-48 between honeydew plants; [36,48] matches only the USU MOUND spacing (4 ft) or RGV cantaloupe ""Plant spacing – 3-4 feet"" (cantaloupe-scoped). Spec §2.4 attributes this USU sentence to ISU: it is USU (winter melons incl. honey dew). USU hill has no between-hill-rows figure (would be see_layout on a hill default). Other: Clemson cantaloupe-honeydew ""Transplants or seed should be planted in the rows 18 to 24 inches apart"" in ""rows 6 to 8 feet apart"" [18,24]/[72,96]; ISU melon hills 1.5-2 ft, 2-3 plants, rows 5-6 ft (page covers other melons). VCE/WSU rows say Muskmelon (scope: not honeydew)."
2	jalapeno	[12,18]	row	osu_ext	https://ir.library.oregonstate.edu/downloads/v979v342w	OSU planting table row (cols ... Distance between rows | Distance apart in the row): Peppers 10 weeks May May–June May–June May 5–10 plants 24” 12–18”	[12,18]	same table row: 24”	[24,24]				AGREES	Table row, missed by the sentence scan. Generic 'Peppers'. Other cited: Clemson 'Peppers should be spaced 12 inches apart in the row. Rows should be 3 feet apart.' (PARTIAL lo); UMN 18 in rows 30-36; UMD 12-24 x 30-36; VCE 12-24/30-36; NMSU H240 chile hill option 'seeded to a stand in hills 12 inches apart, with 4–6 seeds per hill'. 6 of 49 cited URLs uncached.
2	kale	[12,18]	row	usu_ext	https://extension.usu.edu/yardandgarden/research/kale-in-the-garden	Thin seedlings or transplant kale 12-18 inches apart in the row with rows 2 feet apart.	[12,18]	with rows 2 feet apart	[24,24]				AGREES	Same USU page later says 'spaced 12 inches between plants in the row with rows 2 feet apart'. Others: UMN 8 in rows 18; NCSU thin to 1 ft rows 2-3 ft; UMD 12-24 x 30-36; ISU 15-18; VCE Table 5 'Collards, kale 12-24 in 18-36 in'; WSU 'Kale 8-12 18-24'. 4 uncached.
2	kohlrabi	[6,9]	row	iastate_ext	https://yardandgarden.extension.iastate.edu/how-to/growing-kohlrabi-home-garden	After thinning, kohlrabi seedlings should be spaced 6-8 inches apart within the row.	[6,8]	When planting kohlrabi in the garden, sow seeds in rows spaced 18 to 24 inches apart.	[18,24]				DIFFERS	Lo 6 matches; hi 8 not 9. No cited page states 9. Alternatives: USU 'Thin seedlings or transplant kohlrabi 6 inches apart in the row with rows 1 foot apart' ([6,6]/[12,12]); UMN 4 in (giant types 12); UWI 2-5; table rows VCE 'Kohlrabi 4-6 in 12-36 in', NMSU CR457B 'Kohlrabi 53 1/2 3-6 12-36', UF VH021 (ask.ifas copy) 'Kohlrabi ... 3-5 24'. 5 of 37 URLs uncached.
2	lavender	[18,24]	row	usu_ext_english_lavender	https://extension.usu.edu/yardandgarden/research/english-lavender-in-the-garden	Space lavender plants 18-24 inches apart into light, well aerated, gravelly soil.	[18,24]		not_authored				AGREES	"No row figure on USU. Other pages give wider crop-planting figures with rows: CSU (csu_ext_lavender_07245) ""2 to 3 feet within the row and 3 to 6 feet between the rows"" (as a crop); OSU ask-extension ""at least 2 to 3 feet apart and 3 to 6 feet between rows""; UC IPM ""3 feet apart in rows and 4 to 5 feet between rows""; RHS ""about 90cm (3ft) apart if growing in groups"" / hedge 30-45cm. 11 uncached."
2	leek	[4,6]	row	usu_ext	https://extension.usu.edu/yardandgarden/research/leeks-in-the-garden	After emergence, seeds should be thinned to 4-6 inches apart in rows 8-16 inches apart.	[4,6]	After emergence, seeds should be thinned to 4-6 inches apart in rows 8-16 inches apart.	[8,16]				AGREES	"Also VCE 426-331 Table 5 ""Leeks 4-6 in 12-30 in""; UF/IFAS HS1388 ""Space plants 4–6 in. apart and rows 14–18 in. apart"" (per-acre commercial framing). 18 uncached URLs are mostly pest/disease pages and domain roots. [cited URLs: 50, uncached: 18]"
2	lemon	[180,300]	row	uf_ifas_hs1153	https://edis.ifas.ufl.edu/publication/HS402	Lemon trees in the home landscape should be planted in full sun, 15 to 25 feet or more (6.1 to 7.6 m) away from buildings and other trees.	[180,300]		not_authored				AGREES	"KEY RESOLVED: the cached HS402 page is titled ""HS1153/HS402: Lemon Growing in the Florida Home Landscape"" and the catalog name is ""(HS1153/HS402)"": one document, dual-numbered, so key uf_ifas_hs1153 -> URL HS402 is NOT a mismatch. HS402 itself states the figure (lemon-specific), so it beats genus-level HS132 (""For home plantings, the spacing recommended should be a minimum of 15 feet between trees"", [180,open]). Page metric is internally off (15 ft != 6.1 m); quote the feet. ""or more"" makes hi open-ended. TAMU citrus ""twice that far [6-8 ft] from each other"" is derived, not stated."
2	lemongrass	[24,36]	row	usu_ext	https://extension.usu.edu/yardandgarden/research/lemongrass-in-the-garden	Lemongrass divisions should be spaced 3 feet apart in the garden	[36,36]		not_authored				PARTIAL	hi only. NCSU plant toolbox (plants.ces.ncsu.edu/plants/cymbopogon-citratus/) field 'Available Space To Plant: 12 inches-3 feet' would give [12,36] but is a toolbox space field, not a spacing sentence (reviewer call). UC MG Santa Clara gives size only ('2 to 3 feet wide'); UF, UIUC, UWI give size only. 6 of 25 cited URLs uncached (incl. www3.ctahr PD-57; the www copy is cached and has no spacing).
2	lettuce-leaf	[6,8]	row	clemson_hgic	https://hgic.clemson.edu/factsheet/lettuce/	Plant leaf lettuce in rows 1 to 2 feet apart with seed one-quarter inch deep and 6 to 10 inches apart in the row.	[6,10]	Plant leaf lettuce in rows 1 to 2 feet apart	[12,24]				DIFFERS	"No cited page states 6-8 for leaf lettuce (6-8 is UIUC's Cos/Butterhead figure). Clemson 6-10 matches lo; UMD 'Thin individual plants 4- to 8-inches apart' matches hi (and UMD 'Leaf, cos, or butterhead, 4""- 10"" in-row x 12""- 24"" between rows'); ISU leaf 4-6; Cornell Nassau 4-6; UIUC leaf 4; NCSU 9-12 is commercial beds; WSU Table 4 'Lettuce, Leaf 1/8-1/4 2-4 4-6'. Reviewer: [6,10] Clemson or [4,8] UMD. 11 uncached."
2	lime	[144,240]	row	uf_ifas_edis	https://ask.ifas.ufl.edu/publication/CH092	Key lime trees in the home landscape should be planted in full-sun, 12 to 20 feet or more (4.1 to 6.1 m) away from buildings and other trees.	[144,240]		not_authored				AGREES	Migrated anchor already exists (spacing_inches_anchoring_urls: uf_ifas_edis CH092 + ufifas_ext CH093). CH092 is KEY LIME (PLA-635 rules Key lime a variety); CH093 Tahiti: 'should be planted in full sun, 15-20 feet or more (4.1-6.1 m) away from buildings and other trees' ([180,240]). Both say 'or more' (open-ended hi). HS132 (cited) 'For home plantings, the spacing recommended should be a minimum of 15 feet between trees' (lo-only). Default basis (Key vs Tahiti, HS132 minimum) is a reviewer call: Tahiti/HS132 would give lo 180. No row figure. 2 of 29 URLs uncached.
2	mandarin-clementine	[120,216]	row	uf_ifas_hs132	https://edis.ifas.ufl.edu/publication/HS132	For home plantings, the spacing recommended should be a minimum of 15 feet between trees.	[180,180]		not_authored				DIFFERS	"Spec 2.3 expected figure. MINIMUM-only and genus-level (citrus, names no species): SCOPE flag too. Current [120,216] (10-18 ft) is recorded modeled per the open finding; 120 sits below HS132 floor. ask.ifas copy of HS132 carries the identical sentence. CH116 ""Citrus trees were spaced 15 feet in a row and 20 feet between rows"" is a trial layout, EXCLUDED; row stays not_authored. UC MG Santa Clara ""full-size trees will need at least a 12-by-12-foot space; Semi-dwarf trees will need an 8-by-8-foot space"" (footprint, genus). UH F&N-14 ""planted 25 feet apart"" is commercial (70 trees per acre). 5 uncached."
2	marigold	[8,16]	row	clemson_hgic	https://hgic.clemson.edu/factsheet/how-to-grow-and-care-for-marigolds-in-south-carolina/	French Marigold Spacing – 8 to 10 inches apart. African Marigold Spacing – 12 to 16 inches apart.	[8,16]		not_authored				AGREES	"COMPOSITE: [8,16] spans two type-lines on one page (French 8-10, African 12-16); crop is genus-level Tagetes covering French/African/Signet, so the composite is in scope but a reviewer must accept the span (alternative: default French [8,10]). PSU ""Plant French and signet types 8 to 10 inches apart, while the larger African marigolds should be 12 inches apart."" (would give [8,12]). No row figure on cached pages. [cited URLs: 23, uncached: 2]"
2	mint	[12,24]	row	uf_ifas	https://gardeningsolutions.ifas.ufl.edu/plants/edibles/vegetables/mint/	Space plants about 12 inches apart to give them room to spread and grow.	[12,12]		not_authored				PARTIAL	"No cached page states 12-24; [12,24] is a cross-page blend. UF covers lo only; UMD (https://extension.umd.edu/resource/growing-mint-home-garden) ""Space plants 18 inches apart."" [18,18] is the other cited figure; reviewer picks one. Row: USU ""Row spacing should be at least 2 feet apart to allow for growth."" (open-ended minimum [24,open]; not authored here). 46 URLs, 14 uncached (mostly UC IPM peppermint pages, RHS, WSU .doc)."
2	mulberry	[300,360]	row	ncsu_ext_handbook_tree_fruit	https://content.ces.ncsu.edu/extension-gardener-handbook/15-tree-fruit-and-nuts	Table 15–5. Spacing requirements for various fruit and nut trees. (Fruit Crop | Minimum Spacing Between Trees (feet)) Red Mulberry | 20–30	[240,360]		not_authored				PARTIAL	NOT NO_PAGE: a table row the sentence scan missed, so mulberry can come off the R5 hunt list if accepted. hi matches (30 ft), lo 20 ft vs 25. SCOPE caution: row names Red Mulberry (Morus rubra) only, crop covers alba and rubra (rootstock row 'Morus seedling (alba or rubra)'); figure is a MINIMUM. Also checked: NCSU toolbox 'Available Space To Plant' Morus alba '12-24 feet', M. rubra '6-feet-12 feet', Illinois Everbearing '24-60 feet' (toolbox fields); UADA mulberry, UF gardeningsolutions + Orange Co blog, USU Washington fruits, WSU Unusual2022, UADA fruit-trees, TAMU disease handbook, OK State popcorn disease: no spacing. 9 of 33 cited URLs uncached (incl. UC IPM pn7401, NCSU mulberry-whitefly, MSU bird damage).
2	nasturtium	[10,12]	row	uwi_hort	https://hort.extension.wisc.edu/articles/nasturtium-tropaeolum-majus/	Sow seeds ½ inch deep (they need darkness to germinate) and 10 to 12 inches apart.	[10,12]		not_authored				AGREES	Sowing spacing (direct-sown, no thinning stated) - it is the final plant spacing. No row figure on any cached cited page. 2 uncached (uf_ifas root, uwi_hort root).
2	nectarine	[216,240]	row	uga_ext	https://fieldreport.caes.uga.edu/publications/C1063/home-garden-peaches/	For optimum future growth, plant your trees about 18–20 ft apart.	[216,240]		not_authored				SCOPE	Values match but the page is UGA C1063 Home Garden PEACHES (nectarine = same species Prunus persica, glabrous fruit; page mentions nectarine only in a guide title). NCSU handbook Table 15-5 (cited) 'Peaches 18-20' is a MINIMUM spacing, also peach-labeled. Clemson 'peaches-nectarines' page (names both) has no tree spacing. USU peaches 'Depending on rootstock and training system, trees should be placed 12 to 16 feet apart' differs. No row figure. 3 of 54 URLs uncached.
2	okra	[12,18]	row	vce_426_331	https://www.pubs.ext.vt.edu/426/426-331/426-331.html	VCE 426-331 Table 5 row: Okra 12-18 in 36-48 in 15 transplants	[12,18]	Okra 12-18 in 36-48 in (Distance between rows)	[36,48]				AGREES	"Table row (scan missed). Others: ISU ""thin the row so the remaining plants are spaced 1 1/2 to 2 feet apart"", rows 3 ft; Clemson ""Rows: 3 to 6 feet apart Plants: 9 to 12 inches apart""; ACES 9-12; UADA 10 in; VH021 4-10/36. 3 uncached."
2	onion	[4,6]	row	uf_ifas_gs	https://gardeningsolutions.ifas.ufl.edu/plants/edibles/vegetables/onions-and-shallots/	Aim to plant your bulbs an inch deep and between four and six inches apart, with a foot between rows.	[4,6]	Aim to plant your bulbs an inch deep and between four and six inches apart, with a foot between rows.	[12,12]				AGREES	"Sentence is about planting sets (""bulbs"" = sets per the preceding sentence). Other cited pages mostly give 3-4 in: UMN ""thin to 3 to 4 inches apart"" rows 12-18/12-16; USU 3-4 in rows 8-16; Cornell 4 in for large bulbs; UMD 4 in moderate / 8 in large bulbs; VCE Table 5 ""Onions (bulbing) 2-4 in 12-18 in""; UGA Vidalia news ""about 5 inches apart in the rows and 12 inches between rows"". UGA B1198 ""4–6 in. in-row"" and CTAHR ""4–6 inches between plants in the rows"" are commercial. UMD ""4-6 in. spacing"" is for perennial onions/shallots (SCOPE, not used). [cited URLs: 60, uncached: 13]"
2	orange-navel	[180,300]	row	uf_ifas_hs132	https://edis.ifas.ufl.edu/publication/HS132	For home plantings, the spacing recommended should be a minimum of 15 feet between trees.	[180,180]		not_authored				SCOPE	"Genus-level citrus page (HS132), as the spec expected; it states a MINIMUM (lo only, open-ended). No orange-specific cached page states a spacing. Alternative also genus-level: UH CTAHR F&N-14 (https://www.ctahr.hawaii.edu/oc/freepubs/pdf/F_N-14.pdf) ""The planting spot should be 15–20 feet away from other trees or structures; this spacing can be closer, depending on the citrus type"" [180,240] (PDF text is column-interleaved; the quoted clause reads cleanly). Nothing cached supports hi 300 (CTAHR ""planted 25 feet apart"" is a 70-trees-per-acre orchard figure). 44 URLs, 3 uncached."
2	oregano	[10,12]	row	uf_ifas	https://blogs.ifas.ufl.edu/pascoco/2024/04/02/spice-up-your-life-a-beginners-guide-to-growing-oregano/	Space your plants 10-12 inches apart, this will help with air circulation	[10,12]		not_authored				AGREES	Oregano-specific UF/IFAS Pasco County Extension blog post (county blog, not EDIS). Row could be authored by adding psu_ext: 'directly outside in rows 19–24 inches apart, then thinned to about 8–12 inches between plants' (row [19,24]; its in-row is PARTIAL hi). TAMU herbs PDF: 'Oregano (Origanum vulgare) ... Space 8-10 in.' 11 of 32 cited URLs uncached (incl. RHS oregano page, UC IPM oregano cultural tips).
2	parsley	[6,12]	row	uwi_hort	https://hort.extension.wisc.edu/articles/parsley/	Place the plants 6-12″ apart in relatively rich soil	[6,12]		not_authored				AGREES	UMN growing-parsley: 'Final spacing should be 10 to 12 inches apart.' Possible row source: WSU EM051E Table 4 'Parsley 1/4-1/2 2-4 12-18' (rows 12-18, but its in-row 2-4 conflicts) - not used. 6 uncached.
2	parsnip	[3,6]	row	clemson_hgic	https://hgic.clemson.edu/factsheet/carrot-beet-radish-parsnip/	When the parsnip plants are 1 to 2 inches tall, thin them to 3 inches apart for good root development.	[3,3]	Rows are spaced 18 to 24 inches apart.	[18,24]				PARTIAL	Clemson covers lo only. Hi 6 is on RHS (rhs, cited, UK): 'Thin out the seedlings to leave one every 15cm (6in)' and 'Space additional rows 30cm (1ft) apart'. Current [3,6] is a Clemson+RHS union; a two-source entry ([3,6], sources clemson_hgic + rhs) is possible if a cross-source range is acceptable. UMN carrots-and-parsnips gives only carrot thinning (2-4). 6 of 29 URLs uncached (osu_ext, umass_ext, one rhs url, uwi_hort, wvu_ext, wsu_ext).
2	pawpaw	[96,180]	row	ksu_pawpaw	https://www.kysu.edu/academics/college-ahnr/school-of-anr/pawpaw/pawpaw-planting-guide.php	When planting trees, allow 8 feet (2.5m) between them.	[96,96]		not_authored				PARTIAL	"Lo only; hi 180 (15 ft) found on no cached page. NCSU handbook Table 15-5 ""Pawpaw 10"" (Minimum Spacing Between Trees (feet)) = [120,120], a minimum. 14 of 40 cited URLs UNCACHED incl. pawpaw-specific pages likely to carry figures: hgic.clemson.edu/factsheet/pawpaw/, aces.edu pawpaw-production-guide, plants.ces.ncsu.edu/plants/asimina-triloba/, smallfarms.cornell.edu pawpaw, MU af1021.pdf, UMD less-common-fruits, kysu OrganicPawpawPBI-004.pdf. Row not_authored."
2	peach	[216,240]	row	ncsu_ext	https://content.ces.ncsu.edu/north-carolina-production-guide-for-smaller-orchard-plantings	should be planted on an 18- to 20-foot x 20-foot spacing	[216,240]	should be planted on an 18- to 20-foot x 20-foot spacing	[240,240]				AGREES	"FLAG framing: NCSU smaller-orchard production guide (small-scale grower), recommending sentence. Home alt with in-row only: UGA C1063 home-garden peaches ""plant your trees about 18–20 ft apart"" = [216,240]; NCSU gardener handbook Table 15-5 ""Peaches 18–20"" (minimum between trees). Conflicting: USU ""trees should be placed 12 to 16 feet apart"" (rootstock/training dependent); UF HS1459 ""Normal tree spacing is 15 x 20 feet, or 145 trees per acre"" (commercial). Ignore NCSU ""70-foot spacing"" (that is a different crop context) and fruit-thinning spacings. [cited URLs: 56, uncached: 4]"
2	pear-asian	[144,300]	row	ncsu_ext_handbook_tree_fruit	https://content.ces.ncsu.edu/extension-gardener-handbook/15-tree-fruit-and-nuts	"TABLE 15-5 ""Spacing requirements for various fruit and nut trees"" (Minimum Spacing Between Trees (feet)): ""Pears, Asian | 20"""	[240,240]		not_authored				DIFFERS	"Home figure is a MINIMUM 20 ft. UC ANR Asian pears (https://ucanr.edu/sites/sfp/pubs/brochures/Asianpears/): ""approximate 200 trees per acre with spacing of 12 feet apart in rows and 17 to 18 feet between rows"" [144,144]/[204,216] = COMMERCIAL framing (spec §3 flags it a reviewer call). [144,300] matches no single page (lo = UC commercial 12 ft). WSU pear-rootstocks (OHxF 87 ""6-8′ between trees within a row"") is European pear rootstock, commercial: SCOPE. Clemson asian-pear factsheet is UNCACHED (likely carries a home figure: worth caching). Crop carries an open R4 blocking finding (PLA-579). 69 URLs, 23 uncached."
2	pear-european	[180,300]	row	ncsu_ext_handbook_tree_fruit	https://content.ces.ncsu.edu/extension-gardener-handbook/15-tree-fruit-and-nuts	Table 15–5 (Minimum Spacing Between Trees (feet)): Pears | 20	[240,240]		not_authored				DIFFERS	Page gives one MINIMUM figure, 20 ft, inside the current range but at neither end; listed separately from 'Pears, Asian | 20'. R1/5.2: NOT by rootstock class (a single species figure). UGA C740 (cached, cited as uga_ext) is Home Garden APPLES: its 'Table 2. Suggested Tree Spacing' is an apple rootstock table (SCOPE, do not use). UGA C742 Home Garden Pears (fieldreport.caes.uga.edu/publications/C742/home-garden-pears/) is UNCACHED: the prime lead. UMN growing-pears: heights only ('hardy pear trees grow from 25-40 feet tall'; OHxF 'tops out at about 20 feet'). WSU western-WA handbook: no number. 19 of 65 cited URLs uncached.
2	persimmon	[180,240]	row	tamu_agrilife	https://aggie-horticulture.tamu.edu/fruit-nut/wp-content/uploads/sites/6/2015/04/persimmons_2015.pdf	Plant the trees every 15 to 18 feet in rows that are 20 feet apart.	[180,216]	in rows that are 20 feet apart	[240,240]				DIFFERS	Page 15-18 ft vs current 15-20 ft (hi differs). Orchard framing on the page ('Prepare the orchard site') - reviewer call. UF/IFAS HS1389: '15 ft (4.5 m) between trees and 20 ft (6 m) between rows, allowing for 145 trees per acre' (COMMERCIAL). NCSU Gardener Handbook Ch15 Table 15-5 'Persimmons 15' (Minimum Spacing Between Trees (feet), home-gardener handbook, lo only). UGA C784 gives no number ('as much space ... as for other fruit or nut trees'). No cited page states 20 as an in-row hi. 10 uncached incl. ucd_fruitnut scion-rootstock page and uc_ipm persimmon page.
2	pickling-cucumber	[8,18]	row	osu_ext	https://ir.library.oregonstate.edu/downloads/v979v342w	Cucumbers (pickling) 4 weeks May May–June May–June April 15–June 25’ of row 48” 6–12” (table cols: Distance between rows, Distance apart in the row)	[6,12]	Cucumbers (pickling) ... 25’ of row 48” (Distance between rows)	[48,48]				DIFFERS	Only PICKLING-specific row found: OSU 'Growing Your Own' planting table (footnote c 'Use narrower spacings for small gardens'). Current [8,18] = blend of Clemson lo ('For non-trellised cucumbers, space plants 8 to 10 inches apart in rows that are 5 feet apart') and ISU hi ('thin the seedlings so the remaining plants are spaced 15 to 18 inches apart', row-grown). UMN 'thin seedlings to stand 8 to 12 inches apart' sits in the bush-type sentence. Hill alternatives (not a listed hill crop): ISU 'Hills of cucumbers should be spaced 3 to 5 feet apart within the row. Rows should be 4 to 5 feet apart'; UMN hills 5-6 ft, 3-4 seeds. NMSU CR457B pickling row (8-12/36-72) exists but CR457B is NOT cited by this crop (only CR457). 3 of 42 URLs uncached.
2	plum	[216,264]	row	clemson_hgic	https://hgic.clemson.edu/factsheet/plum/	Plums should be planted 18 to 22 feet apart.	[216,264]		not_authored				AGREES	"No row figure on cached pages (matches spec 10.1 list). NCSU Table 15-5 ""Plums 20"" (minimum). NCSU pollinizer distances (""50 feet to 100 feet apart"") excluded. 6 uncached."
2	pole-beans	[4,6]	row	uiuc_ext	https://extension.illinois.edu/gardening/snap-beans	Plant seeds of pole beans 4 to 6 inches apart in rows 30 to 36 inches apart	[4,6]	Plant seeds of pole beans 4 to 6 inches apart in rows 30 to 36 inches apart	[30,36]	or in hills (four to six seeds per hill) 30 inches apart, with 30 inches between rows.	[30,30]	[4,6]	AGREES	"Two entries from one sentence: row default + hill (hill row_spacing [30,30]; plants_per_hill is SEEDS per hill, no thinning stated). SUPPORT: page says ""Pole beans are vining plants and climb supports"" - support type unspecified (not literally trellis). A support-none default is wrong for this crop; promote 1 authors the page entries with a support value - reviewer to choose trellis vs stake (UMN ""two to four seeds at the base of each pole"" implies pole/stake; NMSU CR457 ""planted in hills ... stakes formed in a tepee shape, or along a fence (4-8 in. apart)""). [cited URLs: 37, uncached: 3]"
2	pomegranate	[120,180]	row	uga_ext	https://fieldreport.caes.uga.edu/publications/C997/pomegranate-production/	Traditional spacing for an orchard is 18′ x 18′ (134 trees/acre).	[216,216]	same sentence (18′ x 18′)	[216,216]				COMMERCIAL	"Only an orchard figure is cached. WARNING: current [120,180] = 10-15 ft matches UGA C997 ""Some local growers are attempting tighter densities of 10′ x 15′ (290 trees/acre) ... this is not a currently recommended strategy"" - the page explicitly does NOT recommend it. NCSU toolbox punica-granatum attribute ""Available Space To Plant: 6-feet-12 feet"" [72,144] is a toolbox field, not a spacing sentence (reviewer call). UCCE Central Sierra gives height only (""15 to 20 feet high""); TAMU pomegranate pages cached as course-listing shells (no body). Uncached with likely figures: Clemson pomegranate factsheet, UF MG056. 39 URLs, 11 uncached."
3	popcorn	"[8,12] (planting_layout is the string ""block"")"	block	iastate_ext	https://yardandgarden.extension.iastate.edu/how-to/growing-and-harvesting-popcorn-home-garden	Thin as recommended on packet directions or to about one plant per 10 to 12 inches.	[10,12]	Space the rows between 30 and 36 inches apart to facilitate easy weeding and harvest.	[30,36]				PARTIAL	Popcorn-specific pages disagree with each other and with [8,12]: UMN popcorn 'Space the seeds about 8 inches apart. Plant in at least four rows, with 18 to 24 inches between rows.' The ISU SWEET CORN page (also cited by popcorn) AGREES [8,12] rows 2½-3 ft and gives hills (2½ ft, 4-5 seeds/hill) but is sweet-corn scope (same species, different type): reviewer picks. No hill on either popcorn page. Block support: ISU popcorn 'Plant them in several rows, laid out in a square or rectangle'; UMN 'Always plant corn in blocks of at least four rows.' 3 of 35 cited URLs uncached.
2	potato	[10,12]	row	umn_ext	https://extension.umn.edu/vegetables/growing-potatoes	Plant seed pieces cut side down, 10 to 12 inches apart and about three to five inches deep, in rows 30 to 36 inches apart.	[10,12]	in rows 30 to 36 inches apart	[30,36]				AGREES	Existing anchors migrate. UMaine 2077e: 'Seed spacing ranges from eight to 12 inches within the row and 30 to 36 inches between rows.' Clemson: 'Space the seed pieces 8 to 10 inches apart' (no row figure). VCE Table 5 'Potatoes 10-18 in 24-42 in'. 3 uncached.
3	pumpkin	[36,72]	hill	uga_c1206_homegrown_pumpkins	https://fieldreport.caes.uga.edu/publications/C1206/homegrown-pumpkins/	Spacing rows per plants 72 by 48 in. (same page, row entry)	[48,48]	Plant pumpkins in hills, with at least 8 feet of space on all sides.	[96,96]	Plant pumpkins in hills, with at least 8 feet of space on all sides. ... thin seedlings down to two to three plants per mound.	[96,96]	[2,3]	DIFFERS	"Recommend hill default (UGA C1206) + row entry. Row entry options: same page '72 by 48 in' (in-row [48,48], rows [72,72]) or UMN 'Plant pumpkin and winter squash seeds ... 24 to 36 inches apart... Spacing between rows should be 5 to 6 feet' ([24,36]/[60,72]); OSU table 'Pumpkins ... 72"" 48""' agrees with UGA. 'at least 8 feet' is a minimum. Nothing states 36-72 in-row; current is a blend. Table rows: UF VH021 'Pumpkin ... 36-60 60'; VCE 'Pumpkin 2-4' 5-8''. 4 of 35 URLs uncached."
2	radish	[2,4]	row	umd_ext	https://extension.umd.edu/resource/growing-radishes-home-garden	When they germinate, thin the seedlings so that the remaining plants are 2 to 4 inches apart depending on the type.	[2,4]	[clemson_hgic https://hgic.clemson.edu/factsheet/carrot-beet-radish-parsnip/] Plant radish seed in rows 12 to 24 inches apart	[12,24]				AGREES	"UMD carries no row figure; row option is a second source (Clemson) if the entry may cite two. Same UMD page sow line: ""Plant seeds 1 - 2 inches apart in-rows"" (sowing, not final). UC MG Sonoma ""thin to 1in. apart for small roots, 4-8 in. apart for larger ones"". VCE ""Radish 3/4-1 in 6-12 in"". 2 uncached."
2	raspberry	[18,24]	row	umn_ext	https://extension.umn.edu/fruit/growing-raspberries-home-garden	Plant them 18 to 24 inches apart in moist soil.	[18,24]	Spacing for red raspberries can be from 5 to 10 feet between rows	[60,120]				AGREES	"Default = red (UMN step-by-step is the red/yellow trellised-row guide; same page ""space red or yellow raspberry plants every 2 to 3 feet"" and ""Set black and purple raspberries 4 feet apart""). ROW FIGURE IS FROM A SECOND SOURCE: uada_ext_fsa6107 (https://www.uaex.uada.edu/publications/PDF/FSA-6107.pdf), which also gives red ""Within-row plant spacing should be 2 to 3 feet for red raspberries"" (= [24,36]); UMN states no between-row figure. Alternatives: UGA C766 ""Set the plants 2 feet apart in rows 12 feet apart"" ([24,24]/[144,144]); PSU ""Red raspberries ... usually planted 24 inches apart"" + rows ""8 to 12 feet apart in field production""; VCE 426-840 ""Red and purple raspberries can be set 3 feet apart within the row"" + ""allow at least 8 feet between rows"". Black types: 30 in (PSU), 4 ft (UMN), 4-5 ft (UADA) - not authored as default. [cited URLs: 27, uncached: 2]"
2	roma-tomato	[24,30]	row	psu_ext	https://extension.psu.edu/heat-stress-and-tomatoes	24 inches between plants in a row and a minimum of 4–5 feet between rows for determinate tomatoes without stakes	[24,24]	"same clause: ""a minimum of 4–5 feet between rows"""	[48,60]				PARTIAL	"No cached cited page states 24-30; hi 30 unsupported (closest: NMSU CR457 ""Thin tomatoes to one plant every 18-30 in."" for direct-seeded tomatoes generally, [18,30]). Roma is determinate; determinate-specific figures: PSU (already a spacing anchor) [24,24]; ISU ""Determinate tomatoes can be planted 1.5-2 feet apart in rows 4 feet apart"" [18,24]/[48,48] (also an anchor); Cornell ""12 to 24 inches apart for determinate varieties"". PSU row figure is ""a minimum of"" (open-ended). Generic tomato: VCE ""Tomatoes | 18-36 in | 36-50 in""; WSU ""Tomato 18-36 36-48""; OSU 24-36""/36-48"". UMN and UMD anchors state no in-row figure in cached text. 121 URLs, 8 uncached."
2	rosemary	[24,36]	row	tamu_agrilife	https://agrilifeextension.tamu.edu/wp-content/uploads/2025/06/growingherbsintexas_4-1.pdf	Rosemary (Rosmarinus officinalis) 36 Dark green foliage with small blue flowers. Start cuttings in early spring. Space 24 in.	[24,24]		not_authored				PARTIAL	NOT NO_PAGE (spec 2.3 lists rosemary as having no candidate): lo found twice. Also psu_ext herb-garden-plants-rosemary: 'transplant out in full sun (two feet apart)'. Nothing cached supports 36. NCSU toolbox salvia-rosmarinus 'Available Space To Plant: 3 feet-6 feet' (toolbox field, not a between-plants figure). Checked with no spacing: Clemson herbs, MSU, UA Tucson herbs, UGA Lincoln herbs, UMN growing-herbs ('Space seedlings with the mature plant size in mind'), UC IPM rosemary, UF, UWI. 15 of 40 cited URLs uncached, incl. TAMU E-623 'Easy Gardening Rosemary' PDF (the likeliest source for a hi figure).
2	sage	[18,24]	row	uwi_hort	https://hort.extension.wisc.edu/articles/sage-salvia-officinalis/	Space plants 18 to 24 inches apart and divide every few years to rejuvenate the plants.	[18,24]		not_authored				AGREES	UMD sage: 'Space plants 2-2 ½ “apart.' (unit mangled, likely feet = 24-30) - not used. No row figure on cached pages. 20 of 40 cited URLs uncached (incl. RHS sage grow-your-own, Clemson salvia factsheet) - those could carry rows.
2	shallot	[6,8]	row	usu_ext	https://extension.usu.edu/yardandgarden/research/shallots-in-the-garden	Bulb sets should be planted at 3–6 inches apart in rows 12–18 inches apart.	[3,6]	Bulb sets should be planted at 3–6 inches apart in rows 12–18 inches apart.	[12,18]				DIFFERS	USU is the shallot-specific page. UF Gardening Solutions (uf_ifas_gs, onions-and-shallots) 'Plant small shallot bulbs about six inches apart' = lo only. No cited page states 8 (UMD onion '8 inches apart for large bulbs' is bulb-onion SCOPE). NCSU allium-cepa '6 inches apart' is A. cepa toolbox. 13 of 40 URLs uncached, incl. ncsu_ext_bulb_onions and uada_ext_fsa6014 which may carry shallot spacing - UNDETERMINED.
2	slicing-cucumber	[12,24]	row	vce_426_331	https://www.pubs.ext.vt.edu/426/426-331/426-331.html	VCE 426-331 Table 5 row: Cucumbers 12-18 in 48-72 in 10 transplants	[12,18]	Cucumbers 12-18 in 48-72 in (Distance between rows)	[48,72]	"[umn_ext] A ""hill"" of three or four seeds sown close together is another way to plant cucumbers in the garden. Allow five to six feet between hills."	[60,72]		DIFFERS	"No cited page states 12-24 (hi 24 unsourced). UMD cucumbers: ""Spacing : 12in in-row x 48in - 72in between rows; or plant in a hill (two to three plants per hill)"" (no hill distance) and trellised ""thinning to a 9- to 12-inch spacing"". Clemson: non-trellised ""8 to 10 inches apart in rows that are 5 feet apart""; trellised thin to 9-12, rows 3 ft. UMN thin ""8 to 12 inches"". NMSU CR457B ""Cucumber, slicing ... 8—12 36—72"". VH021 6-12/48. UMN hill gives seeds not plants per hill, so plants_per_hill blank. 3 uncached."
2	snow-peas	[1,3]	row	umd_ext	https://extension.umd.edu/resource/peas/	Sow seed in garden 1 to 3 inches apart	[1,3]	Plant in wide rows, about 18 inches apart.	[18,18]				AGREES	"UMD peas page is garden pea (Pisum sativum, same species as snow pea; in scope). Sow spacing = stand spacing (no thinning). Alts: USU ""1-2 inches apart in the row, and rows 12-24 inches apart""; Clemson ""1 to 2 inches apart"" + ""space rows 2 feet apart""; WSU Table 4 ""Pea 1-2 2-3 18-36"". Support: page says ""Plants grown together will hold each other up or can be trellised"" (relevant to promote 2). [cited URLs: 44, uncached: 2]"
3	spaghetti-squash	[24,48]	row	vce_426_331	https://www.pubs.ext.vt.edu/426/426-331/426-331.html	"TABLE 5 row: ""Squash, winter | 2-4 ft | 3-10 ft"""	[24,48]	"same row: ""3-10 ft"""	[36,120]				AGREES	"CONFLICT WITH SPEC §10.1: spec lists spaghetti as a D1 blend repair ([24,48] -> 24-36), but VCE Table 5 (cited, cached) states 2-4 ft in-row for winter squash, so [24,48] is single-page-supported. Reviewer decides. Spec route: UMN pumpkins-and-winter-squash ""Plant pumpkin and winter squash seeds three-fourths of an inch deep, 24 to 36 inches apart. Use the closer spacing if the variety is a bush type. Spacing between rows should be 5 to 6 feet."" [24,36]/[60,72]; WSU Table 4 ""Squash, Winter 1-1½ 24-36 72"". Hill candidate but NO in-scope hill figure: UGA C1206 hills (""Plant pumpkins in hills, with at least 8 feet of space on all sides"") is PUMPKIN-scoped (SCOPE); UMN page has no hill text; VH021 ""Squash, winter ... 36–60 | 60"" and OSU 72""/48"" are rows. All are genus/winter-squash pages (no spaghetti-specific page). 34 URLs, 5 uncached."
2	spinach	[2,4]	row	wsu_ext	https://s3.wp.wsu.edu/uploads/sites/2073/2014/09/Home-Vegetable-Gardening-in-Washington.pdf	Table 4 row (Depth | Distance Between Plants (inch) | Distance Between Rows (inch)): Spinach ½ 2-4 12-18	[2,4]	same Table 4 row: Spinach ½ 2-4 12-18	[12,18]				AGREES	Table row, missed by the sentence scan. UMN 'Thin spinach to two to four inches apart.' also agrees but has no row figure. Clemson 'rows 1 to 3 feet apart, spacing seed 2 inches apart in the row' (seed spacing); USU 3 in, rows 12; VCE '0.5-1 in thin to 4 in | 6-12 in'; NMSU CR457B 2—6 / 12—36. 3 of 61 cited URLs uncached.
2	spring-onion	[1,2]	row	clemson_hgic	https://hgic.clemson.edu/factsheet/onion-leek-shallot-garlic/	Place seeds or sets 1 to 2 inches apart in the row for green onions and 3 inches for bulb onions.	[1,2]	Plant onions in rows 1 to 2 feet apart in a moist seedbed.	[12,24]				AGREES	Onion/leek/shallot page; the figure is scoped to green onions. UMN scallions page (cited): 'in rows 12 to 18 inches apart. After seedlings emerge, thin to one plant every inch.' and transplants 'one inch apart' (1 in only). UMD 'thinned to a spacing of 2 inches apart in the row if you intend to harvest green onions'. 7 uncached.
3	strawberry	[15,24]	row	umn_ext	https://extension.umn.edu/fruit/growing-strawberries-home-garden	the most common method is the matted row system: Space plants 18 to 24 inches apart.	[18,24]	Space rows 3 to 4 feet apart.	[36,48]				DIFFERS	Blend repair: current [15,24] = OSU EC1307 lo ('Set plants about 15 inches apart in the row', rows 3-4 ft center to center) + matted-row 18-24 hi. Matted-row 18-24 in-row also on USU ('18 to 24 inches apart within the row, with rows three to four feet apart'), UMD ('Space mother plants 18 to 24 inches apart, in rows at least 36 inches apart'), UADA FSA6103 spaced-row 18-24. Other systems (promote 2 / row-none-bed): UC IPM two-row beds 12 x 12, hill system 12, day-neutral 5-9. MU G6135 '30 to 36 inches' is an outlier. 18 restatements to reconcile per spec. 2 of 45 URLs uncached.
2	sugar-snap-peas	[1,2]	row	usu_ext	https://extension.usu.edu/yardandgarden/research/peas-in-the-garden	Plant seeds ½-1 inch deep, spaced 1-2 inches apart, in rows 12-24 inches apart.	[1,2]	in rows 12-24 inches apart	[12,24]				AGREES	"Garden-pea page (Pisum sativum; same species). Seed spacing = stand (""No thinning is necessary""). Others: Clemson ""1 to 2 inches apart ... space rows 2 feet apart""; NMSU CR457B ""Peas, snap 61 1 1—3 24—36""; VH021 ""Peas, snow or English ... 2–6 12"". Support entry (trellis) is promote 2. 2 uncached."
2	sunflower	[6,24]	row	mu_ext	https://extension.missouri.edu/publications/ym102	Varieties 2 to 5 feet tall, plant 6 inches apart. Varieties over 5 feet, plant 12 inches apart. Giant varieties, plant 24 inches apart.	[6,24]		not_authored				AGREES	"COMPOSITE: [6,24] spans three height-class clauses (6 / 12 / 24) on one page; reviewer must accept the span. Page says ""Plant in rows"" but gives no row spacing; no cached cited page gives one. Same split on UMN sunflowers (""leave about 6 inches between them ... at least 1 foot apart and giant sunflowers 2 feet apart""; branching ""18 to 24 inches apart""). [cited URLs: 26, uncached: 4]"
2	sweet-alyssum	[4,8]	row						not_authored				NO_PAGE	"R5 hunt. No cached cited page states a planting spacing. Near-miss: NCSU toolbox lobularia-maritima ""Available Space To Plant: 12 inches-3 feet"" (toolbox field; contradicts [4,8] anyway). Spreads only: UW hort ""grows 3-9 inches tall with a wider spread""; Clemson ""spreads 12 inches or more""; UF ""about 12 inches tall and wide"". Checked: plants.ces.ncsu.edu lobularia-maritima, hort.extension.wisc.edu sweet-alyssum article, gardeningsolutions.ifas.ufl.edu sweet-alyssum, hgic.clemson.edu/sweet-alyssum, ucanr SLO MG blog sweet-alyssum, vegcropshotline companion-plant article, Illinois flowers-fruits-frass blog, uada spring-summer dates, UNR FS-02-61, USU Washington frost dates, plus portal roots. 20 URLs, 5 uncached (all portal roots: extension.illinois.edu/gardening, hort.extension.wisc.edu, extension.purdue.edu, ucanr SLO MG site root, ifas.ufl.edu)."
3	sweet-corn	"[8,12] (planting_layout is the string ""block"")"	block	iastate_ext	https://yardandgarden.extension.iastate.edu/how-to/growing-sweet-corn-home-garden	Space seeds 8 to 12 inches apart in rows 2½ to 3 feet apart.	[8,12]	same sentence: in rows 2½ to 3 feet apart	[30,36]	"Sweet corn may also be planted in ""hills."" Sow 4 to 5 seeds per hill with approximately 3 inches between seeds. Hills should be spaced 2½ feet apart with 2½ to 3 feet between rows."	[30,30]	[4,5]	AGREES	Exactly the spec 1.4 worked example. plants_per_hill is SEEDS per hill (page gives no thin-to count). Hill entry row_spacing [30,36]. Corroborating: UMN 'eight to 12 inches apart, with rows 30 to 36 inches apart'; NCSU 'thinned to stand 8 to 12 inches apart in the row'; NMSU CR457B 8—12 / 30—40. 3 of 39 cited URLs uncached.
2	sweet-pea	[3,6]	row	cornell_ext	https://blogs.cornell.edu/hightunnels/flowers/cut-flowers/cut-flower-crops/sweet-pea/	Plant spacing: 2 to 4 plants per foot on a trellis, with rows 4 to 6 ft. apart.	[3,6]	with rows 4 to 6 ft. apart	[48,72]				COMMERCIAL	Only figure on any cached cited page, and it is high-tunnel CUT-FLOWER production on a TRELLIS (support=trellis, i.e. a promote-2 support entry, not row-none). [3,6] is DERIVED: 12/4=3, 12/2=6 in - a density, not a stated distance. NCSU Lathyrus page gives only plant width 2-3 ft; UC IPM and TAMU pages have no spacing. 1 uncached (aspca).
2	sweet-potato	[12,18]	row	uf_ifas	https://gardeningsolutions.ifas.ufl.edu/plants/edibles/vegetables/sweet-potatoes/	Plant your sweet potatoes in rows spaced 36 inches apart with 12 to 14 inches between each plant.	[12,14]	Plant your sweet potatoes in rows spaced 36 inches apart	[36,36]				DIFFERS	No cited page states 12-18. Existing spacing_inches_anchoring_urls (to migrate) point at Clemson ('rows 3 feet apart with 8 to 12 inches between plants in the row'), NCSU organic (COMMERCIAL: 'in-row spacing is 12 and 10 inches... between-row spacing is 42 inches', per-acre) and UF GS 12-14: none supports 18. Others: USU 'rows 36-48 inches apart, spaced 12 inches apart within the row'; VCE 'Sweet potato 9-12 in 30-48 in'; UH CTAHR B-91 table 'Sweetpotato ... 10-18 40-60' (in-row/between rows, Hawaii); UGA C1014 'Space the slips 3 ft apart' (outlier). 4 of 25 URLs uncached (incl. one uga C1014 URL).
2	swiss-chard	[6,12]	row	vce_426_331	https://www.pubs.ext.vt.edu/426/426-331/426-331.html	VCE 426-331 Table 5 row: Chard, Swiss 6-12 in 18-30 in 1/5 oz seed	[6,12]	Chard, Swiss 6-12 in 18-30 in (Distance between rows)	[18,30]				AGREES	"Also VH021 ""Swiss chard ... 6–12 18"" and UH B-91 ""spacings of 6 to 12 inches in the row"". Differ: UMN ""Thin Swiss chard to four to six inches apart"" rows 18-30; USU 6 in, rows 12; NMSU CR457B 4—15 / 24—36. 6 uncached."
2	thyme	[8,12]	row	umd_ext	https://extension.umd.edu/resource/thyme	Thin plants 8-12” apart.	[8,12]		not_authored				AGREES	"Others give 12 in (UC Marin MG ""Plant seeds or cuttings 12 inches apart""; PSU ""Thin to about 12 inches apart""). No row figure on cached pages. 8 uncached (incl. iastate thyme article, NCSU thymus genus page, CSU 731.pdf, UMD herb-problems). [cited URLs: 29, uncached: 8]"
2	tomatillo	[24,48]	row	usu_ext	https://extension.usu.edu/yardandgarden/research/tomatillos-in-the-garden	Transplants should be planted 2 feet apart in rows spaced 3 feet apart.	[24,24]	"same sentence: ""in rows spaced 3 feet apart"""	[36,36]				DIFFERS	"SCOPE DEFECT IN TODAY'S ANCHOR: tomatillo spacing_inches_anchoring_urls = 4 TOMATO pages (psu heat-stress-and-tomatoes, iastate growing-tomatoes, umd growing-tomatoes, umn growing-tomatoes). No cached tomatillo page states 48. Tomatillo-scoped cached figures: WSU Table 4 ""Tomatillo ¼-½ 18-36 36-48"" [18,36]/[36,48] (alternative default with a range); SDSU ""should be transplanted with 3 feet between plants"" [36,36]; UC MG Alameda ""Space plants about two feet apart"" [24,24]; TAMU ""Space plants about 18 inches apart in rows 3 feet apart"" [18,18]/[36,36]; UMN ""Tomatillos need more space, as much as three feet"". USU hill alt: ""Plant four to six seeds ½-inch deep in hills, 24-36 inches apart with rows spaced 36 inches apart."" 64 URLs, 4 uncached."
2	turnip	[2,4]	row	clemson_hgic	https://hgic.clemson.edu/factsheet/turnips-rutabagas/	Space plants 2 to 3 inches apart in the row.	[2,3]	Plant in rows that are 14 to 18 inches apart.	[14,18]				PARTIAL	lo only; Clemson page covers turnip and rutabaga jointly. Current [2,4] looks like a blend of Clemson lo + USU hi ('thin turnips 3-4 inches between plants in rows 12-18 inches apart'). Others: UMN 'Thin turnip seedlings leaving three to six inches between plants'; WSU '2-3 12-18'; VCE '2-3 in | 12-24 in'; NMSU CR457B 2—6 / 12—36; UF VH021 2–6 / 12; TAMU RGV 'thin to about 5-7 inches'. 5 of 67 cited URLs uncached.
2	viola	[6,10]	row	clemson_hgic	https://hgic.clemson.edu/factsheet/pansies-and-johnny-jump-ups/	Plant pansies and Johnny-jump-ups 6 to 8 inches apart for small-flowered cultivars and 10 to 12 inches apart for large-flowered.	[6,12]		not_authored				DIFFERS	Spec 2.3 lists viola as having NO regex candidate; this Clemson sentence exists. Page splits by flower size: small-flowered 6-8, large-flowered 10-12; the crop covers pansies + violas + Johnny-jump-ups, so the page envelope is [6,12] vs current [6,10] (hi 10 not stated anywhere). Reviewer: [6,12] envelope, or [6,8] if default = small-flowered viola. NCSU pansy page gives width 9-12 in only. 2 uncached.
3	watermelon	[36,72]	hill	uga_ext	https://fieldreport.caes.uga.edu/publications/C1035/	(row entry, clemson_hgic https://hgic.clemson.edu/factsheet/watermelon/) Plants should be spaced 5 to 6 feet apart within the row.	[60,72]	Plant watermelon from seed in small hills with a spacing of 8 ft on all sides. (hill rows; Clemson row entry: 'Seeds or transplants should be planted in rows spaced 6 to 8 feet apart.' [72,96])	[96,96]	Plant watermelon from seed in small hills with a spacing of 8 ft on all sides. Sow four to five seeds per hill ... thin the seedlings to two per hill.	[96,96]	[2,2]	DIFFERS	Matches spec §1.4 worked example. Current [36,72] is a blend; note Clemson also says 'Transplants or seed in 6 foot row spacing should be 4 feet apart and 3 feet apart in 8 foot row spacing' (36-48, likely origin of the 36). Alt hill: USU 'Plant 4-6 seeds in mounds 4 feet apart... thin to 2 plants per mound' ([48,48]/[2,2]); USU row 'Transplants should be planted 2 feet apart in the row with rows 4- 6 feet apart'. Table rows: UF VH021 'Watermelon ... 24-48 60'; VCE watermelon row not checked in detail. Restatements: soil_prep_seasoned, growth_stages[0]. 2 of 34 URLs uncached.
3	yellow-summer-squash	[24,36]	row	umd_ext	https://extension.umd.edu/resource/growing-summer-squash-zucchini-home-garden	single plants 2’- 3’ in-row x 3’- 5’ between rows	[24,36]	x 3’- 5’ between rows	[36,60]	Hills (two to three plants per hill) 3’- 4’ in-row x 4’- 6’ between rows	[36,48]	[2,3]	AGREES	"HILL CANDIDATE: one page gives both layouts. Hill entry: hill_spacing [36,48], row_spacing [48,72], plants_per_hill [2,3]; row entry as above. Default (hill vs row) is a promote-1 decision row; a hill default falls back to this row entry for spacing_inches. Others: OSU ""36 to 40-inch spacing between rows with plants 18-36 inches apart within the row""; UF gardeningsolutions ""rows that are spaced three feet apart ... two feet of space between each plant""; UMN/SDSU thin 8-12 in, hills 5-6 ft (3-4 seeds); VCE ""Squash, summer 18-36 in 36-60 in""; CR457 bush squash ""hills 24-45 in. apart in rows 36-60 in. apart"" thin to 2-3; OSU table 48in rows/24in; UADA 2-3 ft. 3 uncached."
2	zinnia	[9,12]	row	clemson_hgic_1149	https://hgic.clemson.edu/factsheet/how-to-grow-zinnias-the-best-varieties-care-tips/	Dwarf cultivars should be planted or thinned 8 to 9 inches apart, whereas taller 2- to 3-foot zinnia cultivars should be spaced a foot apart.	[8,12]	When planting multiple rows of zinnias, space them 12 to 18 inches apart.	[12,18]				DIFFERS	"No cached page states 9-12. Clemson composite is [8,12] (dwarf 8-9, tall 12) -> lo differs (8 vs 9); UF/IFAS FP623 ""The plants are spaced 8 to 12 inches apart"" also [8,12] (but same page header ""Plant spacing: 12 to 18 inches""). Clemson row figure is internally inconsistent: also ""space the rows a foot apart"" ([12,12], inside [12,18]). UMN ""8 to 24 inches depending on the plant habit""; Clemson ""thin them 8 to 24 inches apart"". Decision row: [8,12] vs keep [9,12]. [cited URLs: 30, uncached: 2]"
3	zucchini-courgette	[24,36]	row	umd_ext	https://extension.umd.edu/resource/growing-summer-squash-zucchini-home-garden	Spacing : Hills (two to three plants per hill) 3’- 4’ in-row x 4’- 6’ between rows; single plants 2’- 3’ in-row x 3’- 5’ between rows.	[24,36]	"same sentence: ""single plants ... 3’- 5’ between rows"""	[36,60]	"same UMD sentence: ""Hills (two to three plants per hill) 3’- 4’ in-row x 4’- 6’ between rows"""	[36,48]	[2,3]	AGREES	"Hill candidate; UMD gives both hill and single-plant figures on one page (hill row_spacing [48,72]). Alternatives: OSU horticulture ""Use 36 to 40-inch spacing between rows with plants 18-36 inches apart within the row"" [18,36]/[36,40] (spec route; page is commercial-leaning Oregon vegetables, tons/acre nearby); VCE ""Squash, summer | 18-36 in | 36-60 in""; UMN/SDSU ""thin seedlings to stand eight to 12 inches apart"" with hills ""five to six feet"" apart [60,72] (no plants-per-hill after thinning stated on UMN; SDSU ""3 to 4 seeds""); NMSU CR457 bush squash ""hills 24-45 in. apart in rows 36-60 in. apart ... thin to the best two or three plants"" [24,45]/[36,60]/[2,3]. 56 URLs, 3 uncached."
