crop	class	woody	proposed_ft	spread_ft	url	cache_file	quote_normalized	cited_urls	cached_urls	note
cherry-tomato	STATES-CLOSED	False	[1, 10]	[1, 4]	https://plants.ces.ncsu.edu/plants/solanum-lycopersicum/	92b6609ea53d288dbf677cb19430963fafad9228.txt	the plants can grow 1 to 10 feet tall and 1 to 4 feet wide.	95	94	HABIT: det/indet on other cited pages: OSU EC1333 'determinate cultivars tend to be fairly short (3 to 4 feet tall)' / 'indeterminate ... can easily grow 7 to 8 feet high'; UMN 'they reach 24 to 30 inches in height' (det) / 'three to five feet long, sometimes more' (indet); Illinois det 3-4 ft, indet 'at least 6 feet'. Default entry is row-none today; NCSU [1,10] vs Cornell [2,6] disagree. Reviewer call. Santa Clara MG (cited): 'indeterminate varieties can grow 6 feet tall or more'.
cherry-tomato	STATES-CLOSED	False	[1, 10]	[1, 4]	https://gardening.cals.cornell.edu/garden-guidance/foodgarden/vegetable-growing-guides/tomato-growing-guide/	07447484c810b92443bb5679552453e36d00b7bf.txt	height: 2 to 6 feet staked and pruned plants can grow to well over 6 feet tall in favorable growing seasons. spread: 2 to 6 feet	95	94	HABIT: det/indet on other cited pages: OSU EC1333 'determinate cultivars tend to be fairly short (3 to 4 feet tall)' / 'indeterminate ... can easily grow 7 to 8 feet high'; UMN 'they reach 24 to 30 inches in height' (det) / 'three to five feet long, sometimes more' (indet); Illinois det 3-4 ft, indet 'at least 6 feet'. Default entry is row-none today; NCSU [1,10] vs Cornell [2,6] disagree. Reviewer call. Santa Clara MG (cited): 'indeterminate varieties can grow 6 feet tall or more'.
beefsteak-tomato	STATES-CLOSED	False	[1, 10]	[1, 4]	https://plants.ces.ncsu.edu/plants/solanum-lycopersicum/	92b6609ea53d288dbf677cb19430963fafad9228.txt	the plants can grow 1 to 10 feet tall and 1 to 4 feet wide.	82	82	HABIT: det/indet on other cited pages: OSU EC1333 'determinate cultivars tend to be fairly short (3 to 4 feet tall)' / 'indeterminate ... can easily grow 7 to 8 feet high'; UMN 'they reach 24 to 30 inches in height' (det) / 'three to five feet long, sometimes more' (indet); Illinois det 3-4 ft, indet 'at least 6 feet'. Default entry is row-none today; NCSU [1,10] vs Cornell [2,6] disagree. Reviewer call.
beefsteak-tomato	STATES-CLOSED	False	[1, 10]	[1, 4]	https://gardening.cals.cornell.edu/garden-guidance/foodgarden/vegetable-growing-guides/tomato-growing-guide/	07447484c810b92443bb5679552453e36d00b7bf.txt	height: 2 to 6 feet staked and pruned plants can grow to well over 6 feet tall in favorable growing seasons. spread: 2 to 6 feet	82	82	HABIT: det/indet on other cited pages: OSU EC1333 'determinate cultivars tend to be fairly short (3 to 4 feet tall)' / 'indeterminate ... can easily grow 7 to 8 feet high'; UMN 'they reach 24 to 30 inches in height' (det) / 'three to five feet long, sometimes more' (indet); Illinois det 3-4 ft, indet 'at least 6 feet'. Default entry is row-none today; NCSU [1,10] vs Cornell [2,6] disagree. Reviewer call.
roma-tomato	STATES-CLOSED	False	[1, 10]	[1, 4]	https://plants.ces.ncsu.edu/plants/solanum-lycopersicum/	92b6609ea53d288dbf677cb19430963fafad9228.txt	the plants can grow 1 to 10 feet tall and 1 to 4 feet wide.	92	92	HABIT: det/indet on other cited pages: OSU EC1333 'determinate cultivars tend to be fairly short (3 to 4 feet tall)' / 'indeterminate ... can easily grow 7 to 8 feet high'; UMN 'they reach 24 to 30 inches in height' (det) / 'three to five feet long, sometimes more' (indet); Illinois det 3-4 ft, indet 'at least 6 feet'. Default entry is row-none today; NCSU [1,10] vs Cornell [2,6] disagree. Reviewer call.
roma-tomato	STATES-CLOSED	False	[1, 10]	[1, 4]	https://gardening.cals.cornell.edu/garden-guidance/foodgarden/vegetable-growing-guides/tomato-growing-guide/	07447484c810b92443bb5679552453e36d00b7bf.txt	height: 2 to 6 feet staked and pruned plants can grow to well over 6 feet tall in favorable growing seasons. spread: 2 to 6 feet	92	92	HABIT: det/indet on other cited pages: OSU EC1333 'determinate cultivars tend to be fairly short (3 to 4 feet tall)' / 'indeterminate ... can easily grow 7 to 8 feet high'; UMN 'they reach 24 to 30 inches in height' (det) / 'three to five feet long, sometimes more' (indet); Illinois det 3-4 ft, indet 'at least 6 feet'. Default entry is row-none today; NCSU [1,10] vs Cornell [2,6] disagree. Reviewer call.
grape-tomato	STATES-CLOSED	False	[1, 10]	[1, 4]	https://plants.ces.ncsu.edu/plants/solanum-lycopersicum/	92b6609ea53d288dbf677cb19430963fafad9228.txt	the plants can grow 1 to 10 feet tall and 1 to 4 feet wide.	95	95	HABIT: det/indet on other cited pages: OSU EC1333 'determinate cultivars tend to be fairly short (3 to 4 feet tall)' / 'indeterminate ... can easily grow 7 to 8 feet high'; UMN 'they reach 24 to 30 inches in height' (det) / 'three to five feet long, sometimes more' (indet); Illinois det 3-4 ft, indet 'at least 6 feet'. Default entry is row-none today; NCSU [1,10] vs Cornell [2,6] disagree. Reviewer call.
grape-tomato	STATES-CLOSED	False	[1, 10]	[1, 4]	https://gardening.cals.cornell.edu/garden-guidance/foodgarden/vegetable-growing-guides/tomato-growing-guide/	07447484c810b92443bb5679552453e36d00b7bf.txt	height: 2 to 6 feet staked and pruned plants can grow to well over 6 feet tall in favorable growing seasons. spread: 2 to 6 feet	95	95	HABIT: det/indet on other cited pages: OSU EC1333 'determinate cultivars tend to be fairly short (3 to 4 feet tall)' / 'indeterminate ... can easily grow 7 to 8 feet high'; UMN 'they reach 24 to 30 inches in height' (det) / 'three to five feet long, sometimes more' (indet); Illinois det 3-4 ft, indet 'at least 6 feet'. Default entry is row-none today; NCSU [1,10] vs Cornell [2,6] disagree. Reviewer call.
heirloom-tomato	STATES-CLOSED	False	[1, 10]	[1, 4]	https://plants.ces.ncsu.edu/plants/solanum-lycopersicum/	92b6609ea53d288dbf677cb19430963fafad9228.txt	the plants can grow 1 to 10 feet tall and 1 to 4 feet wide.	84	84	HABIT: det/indet on other cited pages: OSU EC1333 'determinate cultivars tend to be fairly short (3 to 4 feet tall)' / 'indeterminate ... can easily grow 7 to 8 feet high'; UMN 'they reach 24 to 30 inches in height' (det) / 'three to five feet long, sometimes more' (indet); Illinois det 3-4 ft, indet 'at least 6 feet'. Default entry is row-none today; NCSU [1,10] vs Cornell [2,6] disagree. Reviewer call.
heirloom-tomato	STATES-CLOSED	False	[1, 10]	[1, 4]	https://gardening.cals.cornell.edu/garden-guidance/foodgarden/vegetable-growing-guides/tomato-growing-guide/	07447484c810b92443bb5679552453e36d00b7bf.txt	height: 2 to 6 feet staked and pruned plants can grow to well over 6 feet tall in favorable growing seasons. spread: 2 to 6 feet	84	84	HABIT: det/indet on other cited pages: OSU EC1333 'determinate cultivars tend to be fairly short (3 to 4 feet tall)' / 'indeterminate ... can easily grow 7 to 8 feet high'; UMN 'they reach 24 to 30 inches in height' (det) / 'three to five feet long, sometimes more' (indet); Illinois det 3-4 ft, indet 'at least 6 feet'. Default entry is row-none today; NCSU [1,10] vs Cornell [2,6] disagree. Reviewer call.
tomatillo	STATES-CLOSED	False	[3, 4]	[3, 4]	https://plants.ces.ncsu.edu/plants/physalis-philadelphica/	ef659276514e43b06444311689a7f682b3f20c66.txt	these easy to grow indeterminate plants grow to 3 to 4 feet in height and width	43	43	NCSU and USU agree [3,4]. (OSU EC1333 'they grow 2 to 4 feet tall and just as wide' is NOT cited by tomatillo; it is cited by the 5 tomatoes.) UC Alameda 'can grow up to four feet tall' (open). Cornell tomato guide 'height: 2 to 6 feet' is tomato, not tomatillo (scope).
tomatillo	STATES-CLOSED	False	[3, 4]	[3, 4]	https://extension.usu.edu/yardandgarden/research/tomatillos-in-the-garden	5424d428b65a3d3a977f666d9c7915b0de364b79.txt|506d9e776881071f7b26324b9c614d025bac5d3acfc8390ec2d6c1c7465f3996.html	tomatillos grow 3-4 feet tall and wide	43	43	NCSU and USU agree [3,4]. (OSU EC1333 'they grow 2 to 4 feet tall and just as wide' is NOT cited by tomatillo; it is cited by the 5 tomatoes.) UC Alameda 'can grow up to four feet tall' (open). Cornell tomato guide 'height: 2 to 6 feet' is tomato, not tomatillo (scope).
kale	STATES-CLOSED	False	[2.5, 3]	None	https://extension.umaine.edu/publications/4311e/15-stage-1/	a1add4fcbf95f39eebbda255220c9e824d76dbf3.txt	kale is a large plant, often growing to 2.5-3 feet tall.	40	40	Clemson gives cultivar-level only ('lacinato' 2-3 ft, 'red russian' 24 in, 'winterbor' 2-3 ft).
spinach	STATES-CLOSED	False	[0.6667, 1]	None	https://extension.umd.edu/resource/growing-spinach-home-garden	260da892dcb1e0b25ef023319daad52fcd348583.txt	it grows to a height of 8-12 inches.	40	40	8-12 in.
basil	STATES-CLOSED	False	[0.6667, 2]	[0.6667, 1]	https://ucanr.edu/site/uc-master-gardeners-santa-clara-county/basil	cdc762c01c0986deb21e91a0e50b4c655f93173a.txt	size: 8 to 24 inches high, 8 to 12 inches wide, depending on variety	27	27	Disagrees with UC Sonoma (cited): 'sweet basil ... grows to a height of 2-21⁄2 ft.' (type-specific). Spread in same line.
green-beans-bush	STATES-CLOSED	False	[2, 2]	None	https://extension.umn.edu/vegetables/growing-beans	5a2c4478bc32c24f247133ae65315f4a7cee595b.txt	bush beans are upright plants that do not need support, growing about two feet tall.	26	25	Point (about).
edamame	STATES-CLOSED	False	[3, 3]	None	https://yardandgarden.extension.iastate.edu/article/2022/07/all-about-beans	45972c89b8a44c098ddb994bd6be537f9dbbf491.txt	plants are approximately 3 feet tall and do not require support.	39	39	Point. UMN (cited) open: 'plants are tall, up to three feet'.
potato	STATES-CLOSED	False	[1, 2]	[1, 1.5]	https://plants.ces.ncsu.edu/plants/solanum-tuberosum/	2f1e0ce180ecb2cdb5ca2e774cb38b553ceda4f0.txt	height: 1 ft. 0 in. - 2 ft. 0 in. width: 1 ft. 0 in. - 1 ft. 6 in.	25	25	NCSU dimensions block.
sweet-potato	STATES-CLOSED	False	[1, 1]	None	https://gardeningsolutions.ifas.ufl.edu/plants/edibles/vegetables/sweet-potatoes/	16abc7377603a48d008348dc05f466a70ad17961.txt|6e7387591ad2c9f421513017147f261a772010c68387937977d7a8b9b15e574f.html	the vines can extend up to 15 feet in length, depending on the variety, and about 12 inches in height when situated on the ground.	14	14	Point 12 in. Vine run 15 ft is NOT spread (§4.5).
onion	STATES-CLOSED	False	[1, 1.5]	[0.5, 1]	https://plants.ces.ncsu.edu/plants/allium-cepa/	690f2de383ccdcafecbf33ee455a37a5ba3cda63.txt	height: 1 ft. 0 in. - 1 ft. 6 in. width: 0 ft. 6 in. - 1 ft. 0 in.	39	32	DISAGREE on high end: NCSU 1.5 vs Cornell 3.
onion	STATES-CLOSED	False	[1, 1.5]	[0.5, 1]	http://www.gardening.cornell.edu/homegardening/scene4983.html	465682aad53e1f74facf749a59e6507d6d808ccf.txt	height: 1 to 3 feet spread: 0.5 to 1 feet	39	32	DISAGREE on high end: NCSU 1.5 vs Cornell 3.
cilantro-coriander	STATES-CLOSED	False	[1, 1.5]	None	https://hort.extension.wisc.edu/articles/cilantro-coriander-coriandrum-sativum/	ab593f9c58d7c4b73eb304c58c17564165a0cb97.txt|341f18e3fac1f172e482f269b7a3c9ea679196e4ddc19a664d7dbcc78ccdbb09.html	the foliage grows 12-18" high, and the flower stems reach 2-3 feet.	26	26	Meaning call: Wisc foliage 1-1.5 ft vs flowering 2-3 ft; USU 1-3 ft spans both. Proposed = foliage (leaf crop).
cilantro-coriander	STATES-CLOSED	False	[1, 1.5]	None	https://extension.usu.edu/yardandgarden/research/cilantro-coriander-in-the-garden	098784be550648b2769b34ef40a00df5e78abf84.txt|e39bf448bda796b66703bceac2e33e59ca4f12079a738f340293d9514f616189.html	plants grow to 1-3 feet tall	26	26	Meaning call: Wisc foliage 1-1.5 ft vs flowering 2-3 ft; USU 1-3 ft spans both. Proposed = foliage (leaf crop).
chives	STATES-CLOSED	False	[1, 1.5]	[1, 1.4167]	https://plants.ces.ncsu.edu/plants/allium-schoenoprasum/	5dd1220727bbfad8a98e80f786815f1f729338cb.txt	height: 1 ft. 0 in. - 1 ft. 6 in. width: 1 ft. 0 in. - 1 ft. 5 in.	39	35	DISAGREE: NCSU 12-18 in vs Illinois 10-12 in; Clemson herbs 'leaves grow to 12 inches tall'.
chives	STATES-CLOSED	False	[1, 1.5]	[1, 1.4167]	https://extension.illinois.edu/herbs/chives	4792f5af526a8d168f3cc0ee95d49ff5a31e14ae.txt	a hardy, drought-tolerant perennial growing to about 10-12 inches tall.	39	35	DISAGREE: NCSU 12-18 in vs Illinois 10-12 in; Clemson herbs 'leaves grow to 12 inches tall'.
mint	STATES-CLOSED	False	[1, 2]	[1, 2]	https://plants.ces.ncsu.edu/plants/mentha-spicata/	d6f48941082bb65cb8ceab452c166cea7b17fc63.txt	growing quickly 1 to 2 feet high and wide	35	26	SCOPE note: NCSU page is spearmint; crop covers spearmint+peppermint. USU 'many varieties that grow up to 3 feet tall' (open); UMD peppermint 'about 2 feet or more' (open); Wisc pineapple mint 2-3 ft.
lemongrass	STATES-CLOSED	False	[2, 4]	[2, 3]	https://plants.ces.ncsu.edu/plants/cymbopogon-citratus/	59ef0736cb201c5d610bfe24b3a5be1f2cbd8751.txt|d0f1583855a391f59d93d7f31c06ce77aafe40a8aa8a0ddb393c5b2fa8f6f295.html	height: 2 ft. 0 in. - 4 ft. 0 in. width: 2 ft. 0 in. - 3 ft. 0 in.	14	12	DISAGREE: Illinois 2-3 ft; USU 'can grow 3 to 6 feet tall and 3 feet wide, when ... optimal' (conditional); UF 'can grow to six feet tall and four feet wide'.
lemongrass	STATES-CLOSED	False	[2, 4]	[2, 3]	https://ucanr.edu/site/uc-master-gardeners-santa-clara-county/lemongrass	603e9fe34109a66e9ecd046b651ee55c1c2a43c4.txt	size: 3 to 4 feet tall, 2 to 3 feet wide	14	12	DISAGREE: Illinois 2-3 ft; USU 'can grow 3 to 6 feet tall and 3 feet wide, when ... optimal' (conditional); UF 'can grow to six feet tall and four feet wide'.
okra	STATES-CLOSED	False	[3, 6]	None	https://gardeningsolutions.ifas.ufl.edu/plants/edibles/vegetables/okra/	f5702240574def955f906ad06a3885602b27995d.txt	plant heights vary by cultivar and pruning practices. most fall within the 3-6 foot range	22	22	CONTRADICTS spec §4.4 (okra listed as 'no'). 'most fall within' = typical range; reviewer call.
celery	STATES-CLOSED	False	[1.5, 2]	None	https://extension.usu.edu/yardandgarden/research/celery-in-the-garden	5d94474626e49281a70296ca1e251cb1d98923b5.txt|9c07e9dd30b587c26f9f5de91198a0fa38a0fb9c1137dbf0a5b37c22f449a7d4.html	celery grows to a height of 18 to 24 inches	18	18	
artichoke	STATES-CLOSED	False	[3, 6]	[2, 4]	https://gardening.cals.cornell.edu/garden-guidance/foodgarden/vegetable-growing-guides/globe-artichokes-growing-guide/	d6818238c1dee965c5fab3ac461494f80174ce23.txt|1fbfd885f099b4042569093f1b542837cb78144e912fdcafacc0433b894c2117.html	height: 3 to 6 feet spread: 2 to 4 feet	26	26	DISAGREE: TAMU 3 ft; UMaine annual 'grow four to five feet tall'; VT 'four to five feet tall and wide'; EDIS 'more than 4 feet' (open). TAMU text has PDF-extraction spaces ('w idth').
artichoke	STATES-CLOSED	False	[3, 6]	[2, 4]	https://aggie-horticulture.tamu.edu/wp-content/uploads/sites/10/2013/09/EHT-065.pdf	97bb4447299a24dce05b65a724622173c2999cd0.txt	plants can reach 3 feet in height and w idth	26	26	DISAGREE: TAMU 3 ft; UMaine annual 'grow four to five feet tall'; VT 'four to five feet tall and wide'; EDIS 'more than 4 feet' (open). TAMU text has PDF-extraction spaces ('w idth').
asparagus	STATES-CLOSED	False	[5, 6]	None	https://extension.oregonstate.edu/news/growing-asparagus-takes-patience-rewards-gardeners-years	41290205dc975fd4bb2b467ba51b8a1be4f59271.txt	asparagus foliage can reach 5 to 6 feet in height	41	41	Fern height. UC MG 'up to 5 feet tall (fern stage)' (open).
marigold	STATES-CLOSED	False	[1, 4]	[0.5, 1]	https://plants.ces.ncsu.edu/plants/tagetes/	6722a05607a70ad1228d37a40b5f373733dc950d.txt	as an annual, marigolds are upright and typically 1 to 4 feet tall.	13	13	Genus page (crop covers erecta+patula). DISAGREE: Clemson '6 inches to 3 feet tall, varies by cultivar'; UF 'one to two feet tall'; PSU/UMN/Iowa per-species.
marigold	STATES-CLOSED	False	[1, 4]	[0.5, 1]	https://plants.ces.ncsu.edu/plants/tagetes/	6722a05607a70ad1228d37a40b5f373733dc950d.txt	height: 1 ft. 0 in. - 4 ft. 0 in. width: 0 ft. 6 in. - 1 ft. 0 in.	13	13	Genus page (crop covers erecta+patula). DISAGREE: Clemson '6 inches to 3 feet tall, varies by cultivar'; UF 'one to two feet tall'; PSU/UMN/Iowa per-species.
nasturtium	STATES-CLOSED	False	[1, 10]	[1, 3]	https://plants.ces.ncsu.edu/plants/tropaeolum-majus/	9fa6c33a21e86f048416c6f1d1e0f0d8c97a5b15.txt	height: 1 ft. 0 in. - 10 ft. 0 in. width: 1 ft. 0 in. - 3 ft. 0 in.	13	13	HABIT-SPANNING: range covers climbing forms ('available in both climbing and bushy forms'; 'bushy dwarf types range from 12" tall'). Wisc compact ~12 in; UMN bush ~12". Reviewer call (may be CONDITIONAL).
sunflower	STATES-CLOSED	False	[2, 10]	None	https://plants.ces.ncsu.edu/plants/helianthus-annuus/	3bfbd39fc2d2b721832f0408c2aa4ea40af285a1.txt	rough, coarse, hairy stems that grow 2 to10 feet tall	15	15	NCSU page internally disagrees on lo (2 vs 1.5). UF 'most garden cultivars are 4 to 5 feet tall, though some types can grow to 12 feet'; Illinois '6 inches to 12+ feet' (open); UMN per-class.
sunflower	STATES-CLOSED	False	[2, 10]	None	https://plants.ces.ncsu.edu/plants/helianthus-annuus/	3bfbd39fc2d2b721832f0408c2aa4ea40af285a1.txt	height: 1 ft. 6 in. - 10 ft. 0 in. width: 1 ft. 6 in. - 3 ft. 0 in.	15	15	NCSU page internally disagrees on lo (2 vs 1.5). UF 'most garden cultivars are 4 to 5 feet tall, though some types can grow to 12 feet'; Illinois '6 inches to 12+ feet' (open); UMN per-class.
borage	STATES-CLOSED	False	[1.5833, 3.1667]	[1, 1.3333]	https://plants.ces.ncsu.edu/plants/borago-officinalis/	a2f37ff945d78b2bb9a7cdf6d28a491afd514274.txt	height: 1 ft. 7 in. - 3 ft. 2 in. width: 1 ft. 0 in. - 1 ft. 4 in.	13	13	UC Marin [2,3]; UC blog 'can easily grow to be 3 feet (91 cm) tall and 2 feet (61 cm) wide'.
borage	STATES-CLOSED	False	[1.5833, 3.1667]	[1, 1.3333]	https://ucanr.edu/site/uc-marin-master-gardeners/document/borage	07e3d82eb1fcd4736345a8843ca14697df62ad27.txt|14450c0ae0a402411e752307af579504812c7ed4662eaffa3d7e71168de0ba62.html	borage is an exuberant annual that grows two to three feet tall	13	13	UC Marin [2,3]; UC blog 'can easily grow to be 3 feet (91 cm) tall and 2 feet (61 cm) wide'.
calendula	STATES-CLOSED	False	[1, 2]	[1, 2]	https://ask.ifas.ufl.edu/publication/FP087	98e7cc93fd09da6759a6e52a47e796904468cf2c.txt	height: 1 to 2 feet spread: 1 to 2 feet	11	11	USU '8 to 24 inches tall' (lo differs).
calendula	STATES-CLOSED	False	[1, 2]	[1, 2]	https://plants.ces.ncsu.edu/plants/calendula-officinalis/	a0816eae4121aa4c1dc99f8dbece8200e53a86ea.txt	height: 1 ft. 0 in. - 2 ft. 0 in. width: 1 ft. 0 in. - 2 ft. 0 in.	11	11	USU '8 to 24 inches tall' (lo differs).
zinnia	STATES-CLOSED	False	[1, 3]	[1, 2]	https://edis.ifas.ufl.edu/publication/FP623	325e23303124c9a91a0e0f4af3a89ad99678e7d2.txt	height: 1 to 3 feet spread: 1 to 2 feet	17	17	DISAGREE: same page 'as short as 6 inches or as tall as 3 feet'; Clemson '6 inches to 4 feet tall'; NCSU Z. marylandica 1-2 ft (hybrid species).
chamomile	STATES-CLOSED	False	[1, 2]	[1, 1.1667]	https://ucanr.edu/sites/mgscc2016/garden-help/herbs/chamomile	de40c2cc5a10236265fde9738863940541e9ed7a.txt	size: 1 to 2 feet tall, 12 to 14 inches wide	12	12	NCSU matricaria dims 1'1"-2'6" (width field malformed '0 ft 8 in - 0 ft 1 in'); Wisc 'up to 2 feet tall'; txmg 'Bodegold' 2-2.5 ft (cultivar).
sweet-alyssum	STATES-CLOSED	False	[0.25, 0.8333]	[0.5, 1]	https://plants.ces.ncsu.edu/plants/lobularia-maritima/	9e156b81eb3102fdad3fc5d8b5b5636a15b202fc.txt	height: 0 ft. 3 in. - 0 ft. 10 in. width: 0 ft. 6 in. - 1 ft. 0 in.	12	12	UF 'about 12 inches tall and wide'; Clemson seed-grown 3-6 in, sterile hybrids 12 in.
sweet-alyssum	STATES-CLOSED	False	[0.25, 0.8333]	[0.5, 1]	https://hort.extension.wisc.edu/articles/sweet-alyssum-lobularia-maritima/	ff94d893299e4d0ae384137c6a0d769e8973f58f.txt	sweet alyssum grows 3-9 inches tall with a wider spread.	12	12	UF 'about 12 inches tall and wide'; Clemson seed-grown 3-6 in, sterile hybrids 12 in.
echinacea	STATES-CLOSED	False	[3, 4]	[1, 2]	https://plants.ces.ncsu.edu/plants/echinacea-purpurea/	986e0eee80590ba2b1dbb33d5a39c10bf964a215.txt	it may grow 3 to 4 feet tall	10	10	DISAGREE: NCSU 3-4 ft vs PSU 2-3 ft vs UF FP192 'height: 1 to 3 feet spread: 2 to 3 feet' vs Clemson E. purpurea 'up to 2 to 31⁄2 feet tall'.
echinacea	STATES-CLOSED	False	[3, 4]	[1, 2]	https://extension.psu.edu/purple-coneflower	294038624f835a8c346c3e85d4c646c5c309ef80.txt	this plant grows 24-36 inches in height.	10	10	DISAGREE: NCSU 3-4 ft vs PSU 2-3 ft vs UF FP192 'height: 1 to 3 feet spread: 2 to 3 feet' vs Clemson E. purpurea 'up to 2 to 31⁄2 feet tall'.
bee-balm	STATES-CLOSED	False	[2, 4]	[2, 3]	https://plants.ces.ncsu.edu/plants/monarda-didyma/	1dca27538b4eadbefcf641a828b04760c42028c2.txt|bec26f7dd1b781bab08ee9dc5153ee736667a93e9ef57b3952e56b7a11de29dd.html	height: 2 ft. 0 in. - 4 ft. 0 in. width: 2 ft. 0 in. - 3 ft. 0 in.	8	8	Same page prose: 'scarlet beebalm can reach a height of 4 feet'.
viola	STATES-CLOSED	False	[0.5, 0.75]	[0.75, 1]	https://plants.ces.ncsu.edu/plants/viola-x-wittrockiana/	a63e51978d22b58aeca8129934c1415b4a7a0dcd.txt|1f60c547e793c1e1619207990a1935663ced0c9e90ae4914b9bf06a89c3c9e9e.html	it grows 6 to 9 inches in height and 9 to 12 inches in width.	10	10	SCOPE: all cited statements are PANSY (V. x wittrockiana); crop covers cornuta/tricolor too. Same NCSU page dims 4-9 in (disagrees on lo); UF pansies '1⁄2 to 1 foot in height and width'; Clemson pansies 'not more than 12 inches'.
sweet-pea	STATES-CLOSED	False	[3, 8]	[2, 3]	https://plants.ces.ncsu.edu/plants/lathyrus-odoratus/	63652c50da4e5e02429ffacc1bdf1e68d88afab9.txt	height: 3 ft. 0 in. - 8 ft. 0 in. width: 2 ft. 0 in. - 3 ft. 0 in.	11	11	HABIT/SUPPORT-SPANNING: same page 'if allowed to climb, it will reach up to 8 feet. if grown as a bush, it will grow to a 3 foot tall bush.' Default entry row-none -> 3 ft bush figure? Reviewer call.
leek	STATES-CLOSED	False	[2, 3]	None	https://extension.umn.edu/vegetables/growing-leeks	8653be8f99086d4003ba47270c37d438b127e39c.txt	plants grow two to three feet tall, and can have a width of two inches.	36	24	Width = shaft diameter, not spread. UF HS1388 'common leek can reach three feet tall'.
apricot	STATES-CLOSED	True	[15, 40]	[15, 40]	https://plants.ces.ncsu.edu/plants/prunus-armeniaca/	029a4bc6662999c53ec9375d9c3023b81329e238.txt	it is dense and can be 15 - 40 feet tall and wide.	24	24	WOODY: PLA-465 ruling stands (spec §4.4: not reopened). Page internally disagrees (15 vs 20). UMN table hybrid apricot 15-20 ft (hybrid, scope).
apricot	STATES-CLOSED	True	[15, 40]	[15, 40]	https://plants.ces.ncsu.edu/plants/prunus-armeniaca/	029a4bc6662999c53ec9375d9c3023b81329e238.txt	height: 20 ft. 0 in. - 40 ft. 0 in. width: 20 ft. 0 in. - 40 ft. 0 in.	24	24	WOODY: PLA-465 ruling stands (spec §4.4: not reopened). Page internally disagrees (15 vs 20). UMN table hybrid apricot 15-20 ft (hybrid, scope).
parsley	CONDITIONAL	False	None	None	https://extension.umn.edu/vegetables/growing-parsley	2ef3e724380e5494beb7c7dd9523f3301bf11949.txt	curly parsley typically grows 8 to 14 inches tall.	30	29	Type-conditional (curly vs Italian flat-leaf), both closed; crop covers both.
parsley	CONDITIONAL	False	None	None	https://extension.umn.edu/vegetables/growing-parsley	2ef3e724380e5494beb7c7dd9523f3301bf11949.txt	this plant can grow two to three feet tall and is gangly in habit.	30	29	Type-conditional (curly vs Italian flat-leaf), both closed; crop covers both.
bok-choy	CONDITIONAL	False	None	None	https://extension.umn.edu/vegetables/growing-chinese-cabbage-and-bok-choy	4f2c0d2556ee3ff8c64d2621a3827082a78c489a.txt|c6bc31e53c1bec20c2835917ed17776c5318d9ba5b5f365a43cbf8d7bd2015c1.html	for dwarf varieties, this may be only six inches tall. full-sized varieties can be a foot tall.	29	29	Cultivar-class conditional (head mature size).
pole-beans	CONDITIONAL	False	None	None	https://extension.umn.edu/vegetables/growing-beans	5a2c4478bc32c24f247133ae65315f4a7cee595b.txt	pole beans are twining vines growing up to six feet and sometimes taller	22	22	Open bound -> null. Clemson trellis 'at least 6 to 8 feet tall' is a support spec. UMD '6- to 15-foot vines' is scarlet runner (scope, vine length). CONTRADICTS spec §4.4 wording 'pole-beans: no' (UMN is a cached cited page).
garlic	CONDITIONAL	False	None	None	https://fieldreport.caes.uga.edu/publications/C854/garlic-production-for-the-gardener/	f21dc9dde0809af211a513916b23e7035b8cb21f.txt	leaves on stems reaching a height of 1 ft or more.	27	22	Open bound.
arugula	CONDITIONAL	False	None	None	https://hort.extension.wisc.edu/articles/arugula/	e8a5f849fa137c11a1c59fc126e82009a8370121.txt|7eff8d0cdf212ad5ddea73716723eda4936b0b0d3d2dccbef1230756f7e81409.html	quickly produce a single, branched flower stem 2-3 feet tall.	30	30	Bolting-stage only; not the leaf crop as grown.
field-corn	CONDITIONAL	False	None	None	https://hgic.clemson.edu/homegrown-grits/	afaff8008ddab7ded5855c9123b7b01454cbba5b.txt|d533df5cbb9d5dda81b79de3cb4146c6b356374f96b5ed6f535c5d323bf697e8.html|65d1d7cb557bc6f76e8d62ce2704aa880f09f04a0548e0f0b7b43dfc061d4aea.html	these heirloom dent corns grow tall, up to 15 feet	28	28	Open bound, heirloom-cultivar. Hawaii corn2003 genus-variation sentences are scope.
flint-corn	CONDITIONAL	False	None	None	https://vegvariety.cce.cornell.edu/main/showVarieties.php?searchCriteria=corn&searchIn=1&crop_id=0&sortBy=overallrating&order=DESC	15b9d7beb4fe082091877592d5b3aec58349a248.txt	heirloom flint corn for cornmeal. 6- to 8-foot plants	29	29	Variety-level only (Cornell variety list: Roy's Calais 6-8 ft, Wachichu 7-9 ft, Kalidia 9 ft...). Hawaii: 'gaspé flint grow to 3 ft in height' (cultivar).
cherry-sour	CONDITIONAL	True	None	None	https://yardandgarden.extension.iastate.edu/how-to/growing-cherries-home-garden	c2b7114a4198fb6819b066127e9b7cfa4ece61ef.txt|5dae835451a5d6346a0d826d998b7a092a7a9f9afa7c1a11b3cda173d455df5f.html	'northstar' is a dwarf tree that commonly grows 8 to 10 feet tall.	25	25	WOODY (PLA-465). Cultivar-level ('meteor' 10-14 ft).
cherry-sweet	CONDITIONAL	True	None	None	https://extension.oregonstate.edu/catalog/pnw-619-sweet-cherry-rootstocks-pacific-northwest	d53132925c2fa37edd978360a125ba3a52210839.txt|0cfa83247745c7a4d3b05818aaa4933adeb0cc16868596fc4bd576cb9445b733.html	these will produce very tall trees, upwards of 60 feet if left unpruned, but may be confined to a height of 10-20 feet if properly pruned.	26	26	WOODY (PLA-465). Rootstock/pruning-conditional. UNH 'standard-sized trees often grow to 30 ft in height'.
pear-european	CONDITIONAL	True	None	None	https://extension.umn.edu/fruit/growing-pears	e3b087376f2507132227bb2bdbce6ba7ff051636.txt|d6d00da093302403253ad4745ffaebb7c18df11f5b938f8581b7cad1d9fd67a8.html	seedling rootstocks produce standard-size trees, so most hardy pear trees grow from 25-40 feet tall.	42	31	WOODY (PLA-465). Rootstock-conditional (MN-hardy pears).
pear-asian	CONDITIONAL	True	None	None	https://hgic.clemson.edu/factsheet/asian-pear/	51a58dab9d063beb226e773ecdd80f15bd5cc438c2bf576d69c8a054d0b12db1.html	mature trees can reach heights of more than 20 feet.	45	32	WOODY (PLA-465). Open bound.
lime	CONDITIONAL	True	None	None	https://ask.ifas.ufl.edu/publication/CH092	ae3e3e0b14ffe6ddc0883792d8457e1cc276ae7b.txt|e07230d4815d6bd180cf9366ba01375039e22f3a0fb7f535444f965c7c00379d.html	key lime is a small, bushy tree, rarely taller than 12 feet	19	19	WOODY (PLA-465). Cultivar-conditional; crop covers key + Tahiti/Persian.
lime	CONDITIONAL	True	None	None	https://ask.ifas.ufl.edu/publication/CH093	f3b1008e75793f9dcd185c80dcbee031a53b4d4c.txt|6fc9a10b6b331b5676fb16be747852eb56ffeecc9077aeca44cb6aaf4f9e92fa.html	the 'tahiti' lime is small tree, reaching a height and spread of about 20 feet	19	19	WOODY (PLA-465). Cultivar-conditional; crop covers key + Tahiti/Persian.
mandarin-clementine	CONDITIONAL	True	None	None	https://ask.ifas.ufl.edu/publication/CH116	f52d5fab708af26f65a3e0f0198aab5c6ee5cc09.txt	since trees on 'flying dragon' will seldom exceed seven feet in height	25	23	WOODY (PLA-465). Rootstock-conditional, open. Santa Clara citrus page states NAVEL ORANGE heights (scope).
raspberry	CONDITIONAL	True	None	None	https://fieldreport.caes.uga.edu/publications/C766/	41031706e61cb14de557be5179a919a8fbf21689.txt|74b91280ff415c4242d8a1f1c1a1335fce5855fdac795a26b3aee38ee1f5ecc9.html	canes emerge from the ground in early spring, grow to 3 to 4 feet tall	15	15	WOODY (PLA-465). Primocane-fruiting red raspberry class only; other hits are pruning/topping heights (management, not plant height).
shallot	SCOPE-DOUBT	False	None	None	https://plants.ces.ncsu.edu/plants/allium-cepa/	690f2de383ccdcafecbf33ee455a37a5ba3cda63.txt	height: 1 ft. 0 in. - 1 ft. 6 in.	28	20	NCSU Allium cepa page (bulb onion); shallot = A. cepa aggregatum group.
spring-onion	SCOPE-DOUBT	False	None	None	https://plants.ces.ncsu.edu/plants/allium-cepa/	690f2de383ccdcafecbf33ee455a37a5ba3cda63.txt	height: 1 ft. 0 in. - 1 ft. 6 in.	19	14	NCSU Allium cepa page; crop covers fistulosum too. Other hits are harvest heights (6-8 in tops).
dry-bean	SCOPE-DOUBT	False	None	None	https://extension.umn.edu/vegetables/growing-beans	5a2c4478bc32c24f247133ae65315f4a7cee595b.txt	bush beans are upright plants that do not need support, growing about two feet tall.	27	27	Page describes snap-bean habit classes (bush 2 ft / pole 6+ / half-runner <=3); crop covers bush and pole dry beans.
lettuce-leaf	SCOPE-DOUBT	False	None	None	https://yardandgarden.extension.iastate.edu/article/2009/6-10/lettuce.html	489e0ae6b8a32b786f4a26bcb451d2587f1dba85.txt	the leaves reach 8-10 inches tall and are tightly folded to form a narrow, upright head.	93	92	ROMAINE, not leaf lettuce. All leaf-lettuce hits are harvest-stage heights (4-10 in).
sweet-corn	SCOPE-DOUBT	False	None	None	https://www.ctahr.hawaii.edu/oc/freepubs/pdf/corn2003.pdf	249a8b44f866595e39a9a1ea06044606ba986ec7.txt	varieties like canada's gaspé flint grow to 3 ft in height	27	27	Only Zea-wide variation sentences (Gaspe flint 3 ft .. Tehua 20 ft; teosinte hybrids 12 ft). Other hits are growth-stage heights.
popcorn	SCOPE-DOUBT	False	None	None	https://www.ctahr.hawaii.edu/oc/freepubs/pdf/corn2003.pdf	249a8b44f866595e39a9a1ea06044606ba986ec7.txt	the race tehua from mexico grows up to 20 ft in height	24	24	Same Hawaii genus-variation sentences only.
collards	SCOPE-DOUBT	False	None	None	https://extension.umaine.edu/publications/4311e/15-stage-1/	a1add4fcbf95f39eebbda255220c9e824d76dbf3.txt	kale is a large plant, often growing to 2.5-3 feet tall.	35	35	Sentence is about KALE (same B. oleracea Acephala group) on a page collards cites; nothing about collards. Spec §4.4 'collards: no' agrees there is no collards statement.
blackberry	SCOPE-DOUBT	True	None	None	https://extension.uga.edu/publications/detail.html?number=c766	c2276857a96c6f5957f4f528dbfcd658467d5fdd.txt	canes emerge from the ground in early spring, grow to 3 to 4 feet tall	18	18	WOODY (PLA-465). Sentence is about primocane red RASPBERRIES; other hits are pruning heights.
plum	SCOPE-DOUBT	True	None	None	https://content.ces.ncsu.edu/extension-gardener-handbook/15-tree-fruit-and-nuts	f1aa22f957076ba46a56faf722890557ed1868f1.txt|0e16d13e3df8fe822acab5ae904bdcc1de5346cf7ba7d96db5bb15e3dc164408.html	mature tree is 12 - 20 feet tall, depending on variety.	22	21	WOODY (PLA-465). Footnote to the APPLE rootstock table; UAEX hits are pawpaw/persimmon/jujube.
slicing-cucumber	NONE	False						26	26	
pickling-cucumber	NONE	False						27	27	
english-cucumber	NONE	False						28	28	
cucumber	NONE	False						26	26	
zucchini-courgette	NONE	False						39	39	
yellow-summer-squash	NONE	False						39	39	
butternut-squash	NONE	False						26	26	
acorn-squash	NONE	False						26	26	
spaghetti-squash	NONE	False						26	26	
pumpkin	NONE	False						28	28	
watermelon	NONE	False						24	24	
cantaloupe	NONE	False						23	23	
honeydew-melon	NONE	False						28	28	
carrot	NONE	False						43	43	
radish	NONE	False						30	30	
beet	NONE	False						48	48	
turnip	NONE	False						43	43	
parsnip	NONE	False						17	17	
cabbage	NONE	False						39	38	
cauliflower	NONE	False						36	36	
kohlrabi	NONE	False						26	26	
swiss-chard	NONE	False						42	41	
strawberry	NONE	False						34	34	
orange-navel	NONE	True						31	31	
grapefruit	NONE	True						23	23	
