crop	finding_id	status	key	old_spacing	new_spacing	context
slicing-cucumber	slicing-cucumber_pilot_finding_004_modeled_judgment_values	open	summary	[12, 24]	[24, 24]	a single sourced slicing-only statement; (d) spacing_inches [12,24] spans trellised 9-12 in and wider groun
habanero	habanero_pilot_finding_006	open	summary	[18, 24]	[12, 24]	pH preferred [6.0,6.8] / tolerated [5.5,7.0], spacing [18,24], soil textures, fertilizer, pests, dise
pickling-cucumber	pickling-cucumber_pilot_finding_005	open	summary	[8, 18]	[6, 12]	Judgment/modeled numeric calls: spacing_inches [8,18] (Clemson 8-10 in-row non-trellised, UMD
butternut-squash	butternut_pilot_spacing_capped_72in	accepted	summary	[24, 72]	[24, 36]	spacing_inches is [24,72]. Butternut is spaced 24-36 in in the ro
acorn-squash	acorn_pilot_spacing_prose	accepted	summary	[24, 48]	[24, 36]	spacing_inches is [24,48]. Acorn squash is spaced about 18-24 in 
spaghetti-squash	spaghetti_pilot_spacing_prose	accepted	summary	[24, 48]	[24, 36]	spacing_inches is [24,48]. Spaghetti squash is spaced 24-36 in in
broad-beans-fava	broad_beans_fava_pilot_finding_001	open	summary	[4, 8]	[8, 10]	 far later, ~180-240 days, stated in prose); spacing_inches [4,8] (UMass 4-6 in-row, UC MG thin to 8-10 i
arugula	arugula_pilot_spacing_babyleaf	accepted	summary	[1, 3]	[3, 6]	spacing_inches [1, 3] reflects the dominant broadcast/baby-le
sweet-potato	sweet_potato_pilot_finding_004	open	summary	[12, 18]	[12, 14]	transplant unit (no home indoor seed-start). spacing_inches [12,18] spans the in-row range across sources (
cilantro-coriander	cilantro_pilot_dtm_spacing_germ_modeled	accepted	summary	[2, 4]	[2, 2]	seed crop needs 100+ days, stated in prose). spacing_inches [2, 4] reflects the baby-leaf / broadcast and 
chives	chives_pilot_dtm_spacing_germ_modeled	open	summary	[8, 12]	[6, 12]	d, so the range spans seed-to-first-cutting. spacing_inches [8, 12] sits within the sourced span (UMN 6 to 
mint	mint_pilot_finding_005	open	summary	[12, 24]	[12, 12]	ects raising a division/plug before set-out. spacing_inches [12,24] spans the sourced range (UF/IFAS ~12 in
dill	dill_pilot_dtm_spacing_germ_modeled	accepted	summary	[8, 12]	[9, 9]	/heads run ~90 to 100 days, stated in prose. spacing_inches [8, 12] follows USU (thin to 9 inches) and harv
dill	dill_pilot_dtm_spacing_germ_modeled	accepted	basis	[8, 12]	[9, 9]	rative facts (slow germination, fast leaf, tall seed plant, 8 to 12 inch spacing) are sourced and surfaced in pr
rosemary	rosemary_pilot_finding_004	open	summary	[24, 36]	[24, 24]	e grown_as flip); hardiness_zone_max=10 (NCSU 10b); spacing 24-36 in (PSU 2 ft plus large upright sizes); pr
watermelon	watermelon_pilot_spacing_capped_72in	accepted	summary	[36, 72]	[60, 72]	spacing_inches is [36,72]. Full-size watermelon hills run 4-8 ft 
cantaloupe	cantaloupe_pilot_spacing_in_row	accepted	summary	[24, 36]	[24, 36]	"MECHANISM ONLY (figure unchanged): the between-row spacing ""is carried in prose ... rather than the numeric field"" -- row_spacing_inches [60,90] is now a numeric field"
pumpkin	pumpkin_pilot_spacing_capped_72in	accepted	summary	[36, 72]	[48, 48]	spacing_inches is [36,72]. Full-size pumpkin hills run 4-8 ft apa
mandarin-clementine	mandarin-clementine_pilot_finding_004	open	summary	[120, 216]	[180, 180]	trus-family band, sources cluster ~6.0-6.5); spacing_inches [120,216] and container min 10 gal modeled from m
honeydew-melon	honeydew_pilot_spacing_capped_48in	accepted	summary	[36, 48]	[18, 24]	spacing_inches is [36,48]. Honeydew rows run 6 to 8 feet apart wi
shallot	shallot_spacing_upper_8in_modeled	accepted	summary	[6, 8]	[3, 6]	Spacing 6 to 8 inches: USU gives 3 to 6 inches for sets and
cosmos	cosmos_pilot_finding_003	open	summary	[12, 18]	[12, 24]	ter, roughly 7 weeks; C. bipinnatus slower). spacing_inches [12,18] modeled toward the low end of NCSU's 12
sweet-alyssum	sweet-alyssum_pilot_finding_008	open	summary	[4, 8]	[8, 10]	isconsin, Clemson, UF); not a single published DTM. Spacing [4,8] in reflects a carpet planting derived f
bee-balm	bee-balm_pilot_numerics_modeled	open	summary	[18, 24]	[24, 30]	ary method; division/transplant is primary); spacing_inches [18,24] (NC State 12 in to 3 ft; Iowa State 24 
sweet-pea	sweet-pea_pilot_finding_004	open	summary	[3, 6]	[5, 6]	ion_temp_f 55 to 65, germination 10 to 21 days, and spacing 3 to 6 in are representative values: Cornell give
