crop	entry_id	field	value	source_id	url	sha256	quote
apricot	row-none	in_row_inches	[216,264]	usu_ext	https://extension.usu.edu/yardandgarden/research/apricots-in-the-home-garden	5a54e095952a591bc56b8a775c45fec561763f9873d7170e33d16151ea57c398	Space trees 18 to 22 feet apart.
basil	row-none	in_row_inches	[6,12]	umn_ext	https://extension.umn.edu/vegetables/growing-basil	3e61f84d118540f17ac722758c76ea72ee1ccf6fe75df7196cc10f3fa7f5b508	Thin and transplant seedlings to stand 6-12 inches apart once they have developed two to three pairs of true leaves.
beefsteak-tomato	row-none	in_row_inches	[36,48]	iastate_ext	https://yardandgarden.extension.iastate.edu/how-to/growing-tomatoes-home-garden	9e86cd2ecc9bdc3679d2b466b8f3cbcbb7cecb387649795480b2d4e8f921d6bb	Tomatoes allowed to sprawl over the ground should be spaced 3-4 feet apart.
beefsteak-tomato	row-none	row_spacing_inches	[48,60]	iastate_ext	https://yardandgarden.extension.iastate.edu/how-to/growing-tomatoes-home-garden	9e86cd2ecc9bdc3679d2b466b8f3cbcbb7cecb387649795480b2d4e8f921d6bb	Rows should be spaced 4-5 feet apart.
beet	row-none	in_row_inches	[2,4]	uf_ifas_vh021	https://edis.ifas.ufl.edu/publication/VH021	7ff585e6999b66923a3422589b068032cd5ed6f3463bbe43f60a5325ed179994	Beets Sept–Mar Sept–Feb Oct–Jan 7.5 30–60 50–70 2–4 12
beet	row-none	row_spacing_inches	[12,12]	uf_ifas_vh021	https://edis.ifas.ufl.edu/publication/VH021	7ff585e6999b66923a3422589b068032cd5ed6f3463bbe43f60a5325ed179994	Beets Sept–Mar Sept–Feb Oct–Jan 7.5 30–60 50–70 2–4 12
borage	row-none	in_row_inches	[12,24]	ucanr_marin_mg	https://ucanr.edu/site/uc-marin-master-gardeners/document/borage	14450c0ae0a402411e752307af579504812c7ed4662eaffa3d7e71168de0ba62	Thin so mature plants stand a foot or two apart.
broccoli	row-none	in_row_inches	[12,24]	vce_426_331	https://www.pubs.ext.vt.edu/426/426-331/426-331.html	52fda56c97eca81aa63955bcc5d4dfdf8dbac4c29921a82eb35f154c0cd85720	Broccoli 12-24 in 18-36 in
broccoli	row-none	row_spacing_inches	[18,36]	vce_426_331	https://www.pubs.ext.vt.edu/426/426-331/426-331.html	52fda56c97eca81aa63955bcc5d4dfdf8dbac4c29921a82eb35f154c0cd85720	Broccoli 12-24 in 18-36 in
brussels-sprouts	row-none	in_row_inches	[18,24]	iastate_ext	https://yardandgarden.extension.iastate.edu/how-to/growing-brussels-sprouts-home-garden	3f285142e2514bd9f491338be4b1bfcffc4ad30dec683029d0bf76afc79a6d10	When planting cole crops in the garden, space plants 18 to 24 inches apart within the row.
brussels-sprouts	row-none	row_spacing_inches	[24,30]	iastate_ext	https://yardandgarden.extension.iastate.edu/how-to/growing-brussels-sprouts-home-garden	3f285142e2514bd9f491338be4b1bfcffc4ad30dec683029d0bf76afc79a6d10	Rows should be approximately 24 to 30 inches apart.
cabbage	row-none	in_row_inches	[12,24]	nmsu_ext	https://pubs.nmsu.edu/_circulars/CR457B/	cb59fcd17e7af0bfdd794f22f688f9c44065caf1a8f833b0415a78d86053655c	Cabbage 67 1/2 12—24 24—36
cabbage	row-none	row_spacing_inches	[24,36]	nmsu_ext	https://pubs.nmsu.edu/_circulars/CR457B/	cb59fcd17e7af0bfdd794f22f688f9c44065caf1a8f833b0415a78d86053655c	Cabbage 67 1/2 12—24 24—36
calendula	row-none	in_row_inches	[8,12]	usu_ext	https://extension.usu.edu/yardandgarden/research/calendula-in-the-garden	35ee4d05e4e7edead4fd99adc2e1ecdbbfd566e12399df4af66554a26e9b29c2	After emergence, thin seedlings to 8 to 12 inches apart in the row.
carrot	row-none	in_row_inches	[2,4]	umn_ext	https://extension.umn.edu/vegetables/growing-carrots-and-parsnips	14d9f7109dab4994e6818b4a0bc62bbdd853a76a47174bf35bedae019dbc287b	thin by pulling up extra seedlings so that the remaining plants are about two to four inches apart.
carrot	row-none	row_spacing_inches	[12,18]	clemson_hgic	https://hgic.clemson.edu/factsheet/carrot-beet-radish-parsnip/	a02e152b4acee1a0d4c2b88aab076eb10feb2e2bb4eb6776e0488554b25df35b	Plant carrots in rows 12 to 18 inches apart
cauliflower	row-none	in_row_inches	[18,24]	iastate_ext	https://yardandgarden.extension.iastate.edu/how-to/growing-cauliflower-home-garden	3b3dfc8983751346bbdae89a20a6bd36dc9104664acea1f486b8ea5a5489ba8f	When planting cole crops in the garden, space plants 18 to 24 inches apart within the row.
cauliflower	row-none	row_spacing_inches	[24,30]	iastate_ext	https://yardandgarden.extension.iastate.edu/how-to/growing-cauliflower-home-garden	3b3dfc8983751346bbdae89a20a6bd36dc9104664acea1f486b8ea5a5489ba8f	Rows should be approximately 24 to 30 inches apart.
cherry-tomato	row-none	in_row_inches	[24,36]	psu_ext	https://extension.psu.edu/heat-stress-and-tomatoes	292915ad7cebe5f2c9372e9ebd8170c62185adc12aa72aa362e230aa0f1c75b2	and 24 to 36 inches between plants in a row and a minimum of 5–6 feet between rows for indeterminate tomatoes without stakes.
cherry-tomato	row-none	row_spacing_inches	[60,72]	psu_ext	https://extension.psu.edu/heat-stress-and-tomatoes	292915ad7cebe5f2c9372e9ebd8170c62185adc12aa72aa362e230aa0f1c75b2	a minimum of 5–6 feet between rows for indeterminate tomatoes without stakes
edamame	row-none	in_row_inches	[2,4]	vce_spes_455	https://www.pubs.ext.vt.edu/SPES/spes-455/spes-455.html	708730f286f1009235060d00897b673441b02142c5ae9d8132930ca93530b6a7	Sow seeds 2-4 inches apart in furrows
edamame	row-none	row_spacing_inches	[15,36]	vce_spes_455	https://www.pubs.ext.vt.edu/SPES/spes-455/spes-455.html	708730f286f1009235060d00897b673441b02142c5ae9d8132930ca93530b6a7	Rows can be spaced 15-36 inches apart
eggplant	row-none	in_row_inches	[18,24]	vce_426_331	https://www.pubs.ext.vt.edu/426/426-331/426-331.html	52fda56c97eca81aa63955bcc5d4dfdf8dbac4c29921a82eb35f154c0cd85720	Eggplant 18-24 in 30-42 in
eggplant	row-none	row_spacing_inches	[30,42]	vce_426_331	https://www.pubs.ext.vt.edu/426/426-331/426-331.html	52fda56c97eca81aa63955bcc5d4dfdf8dbac4c29921a82eb35f154c0cd85720	Eggplant 18-24 in 30-42 in
english-cucumber	row-none	in_row_inches	[12,18]	vce_426_331	https://www.pubs.ext.vt.edu/426/426-331/426-331.html	52fda56c97eca81aa63955bcc5d4dfdf8dbac4c29921a82eb35f154c0cd85720	Cucumbers 12-18 in 48-72 in
english-cucumber	row-none	row_spacing_inches	[48,72]	vce_426_331	https://www.pubs.ext.vt.edu/426/426-331/426-331.html	52fda56c97eca81aa63955bcc5d4dfdf8dbac4c29921a82eb35f154c0cd85720	Cucumbers 12-18 in 48-72 in
grape-tomato	row-none	in_row_inches	[24,36]	psu_ext	https://extension.psu.edu/heat-stress-and-tomatoes	292915ad7cebe5f2c9372e9ebd8170c62185adc12aa72aa362e230aa0f1c75b2	24 to 36 inches between plants in a row and a minimum of 5–6 feet between rows for indeterminate tomatoes without stakes
grape-tomato	row-none	row_spacing_inches	[60,72]	psu_ext	https://extension.psu.edu/heat-stress-and-tomatoes	292915ad7cebe5f2c9372e9ebd8170c62185adc12aa72aa362e230aa0f1c75b2	a minimum of 5–6 feet between rows
green-beans-bush	row-none	in_row_inches	[2,4]	clemson_hgic	https://hgic.clemson.edu/factsheet/bush-pole-type-snap-beans/	3e156cee32acc99820eecde1c3b6554b26fa97c6985bf70a762e787ff2e28129	Plant bush-type beans in rows spaced 2 to 3 feet apart with the seed spaced 2 to 4 inches apart in the row.
green-beans-bush	row-none	row_spacing_inches	[24,36]	clemson_hgic	https://hgic.clemson.edu/factsheet/bush-pole-type-snap-beans/	3e156cee32acc99820eecde1c3b6554b26fa97c6985bf70a762e787ff2e28129	Plant bush-type beans in rows spaced 2 to 3 feet apart
heirloom-tomato	row-none	in_row_inches	[24,36]	mu_ext	https://extension.missouri.edu/g6461	ba5c341ce027883fc20cc877596b51d6ae79d6a3b1dcb22aa13381650e5ffce9	Ideal spacing for home garden tomatoes is generally 24 to 36 inches between plants.
heirloom-tomato	row-none	row_spacing_inches	[48,60]	mu_ext	https://extension.missouri.edu/g6461	ba5c341ce027883fc20cc877596b51d6ae79d6a3b1dcb22aa13381650e5ffce9	Rows should be 4 to 5 feet apart.
kale	row-none	in_row_inches	[12,18]	usu_ext	https://extension.usu.edu/yardandgarden/research/kale-in-the-garden	810703686a7d3cdaddec17512a3706b23fd59a21f0e943fc3832f1de536c1e00	Thin seedlings or transplant kale 12-18 inches apart in the row with rows 2 feet apart.
kale	row-none	row_spacing_inches	[24,24]	usu_ext	https://extension.usu.edu/yardandgarden/research/kale-in-the-garden	810703686a7d3cdaddec17512a3706b23fd59a21f0e943fc3832f1de536c1e00	with rows 2 feet apart
lavender	row-none	in_row_inches	[18,24]	usu_ext_english_lavender	https://extension.usu.edu/yardandgarden/research/english-lavender-in-the-garden	342d4654f71c9a9d2a0085096bd252d8892dd9f652e0452b959d8bb2ed315b6c	Space lavender plants 18-24 inches apart into light, well aerated, gravelly soil.
leek	row-none	in_row_inches	[4,6]	usu_ext	https://extension.usu.edu/yardandgarden/research/leeks-in-the-garden	ce41cd51a494ba5271a93eb16fc4bfb6f9b95d403980e39f01608ec8bbedb61c	After emergence, seeds should be thinned to 4-6 inches apart in rows 8-16 inches apart.
leek	row-none	row_spacing_inches	[8,16]	usu_ext	https://extension.usu.edu/yardandgarden/research/leeks-in-the-garden	ce41cd51a494ba5271a93eb16fc4bfb6f9b95d403980e39f01608ec8bbedb61c	After emergence, seeds should be thinned to 4-6 inches apart in rows 8-16 inches apart.
lemon	row-none	in_row_inches	[180,300]	uf_ifas_hs1153	https://edis.ifas.ufl.edu/publication/HS402	15801f6dc90c756b97102f8e2cd347ff30d9cb41b87fec4ba69bfeebb8246ea5	Lemon trees in the home landscape should be planted in full sun, 15 to 25 feet or more (6.1 to 7.6 m) away from buildings and other trees.
lime	row-none	in_row_inches	[144,240]	uf_ifas_edis	https://ask.ifas.ufl.edu/publication/CH092	e07230d4815d6bd180cf9366ba01375039e22f3a0fb7f535444f965c7c00379d	Key lime trees in the home landscape should be planted in full-sun, 12 to 20 feet or more (4.1 to 6.1 m) away from buildings and other trees.
marigold	row-none	in_row_inches	[8,16]	clemson_hgic	https://hgic.clemson.edu/factsheet/how-to-grow-and-care-for-marigolds-in-south-carolina/	c2361679106bcbe29ab578e658f1bfa9cd4d4410564b32a7d273f7d66c83bf14	French Marigold Spacing – 8 to 10 inches apart. African Marigold Spacing – 12 to 16 inches apart.
nasturtium	row-none	in_row_inches	[10,12]	uwi_hort	https://hort.extension.wisc.edu/articles/nasturtium-tropaeolum-majus/	dc9ca675c60033f685c3809a635656415088a1bd23c77e374f235b7382d2e0d0	Sow seeds ½ inch deep (they need darkness to germinate) and 10 to 12 inches apart.
okra	row-none	in_row_inches	[12,18]	vce_426_331	https://www.pubs.ext.vt.edu/426/426-331/426-331.html	52fda56c97eca81aa63955bcc5d4dfdf8dbac4c29921a82eb35f154c0cd85720	Okra 12-18 in 36-48 in 15 transplants
okra	row-none	row_spacing_inches	[36,48]	vce_426_331	https://www.pubs.ext.vt.edu/426/426-331/426-331.html	52fda56c97eca81aa63955bcc5d4dfdf8dbac4c29921a82eb35f154c0cd85720	Okra 12-18 in 36-48 in
oregano	row-none	in_row_inches	[10,12]	uf_ifas	https://blogs.ifas.ufl.edu/pascoco/2024/04/02/spice-up-your-life-a-beginners-guide-to-growing-oregano/	c5b6ea3d3557e06bb892f107a3dda0c1da6c98bdb52016dccb54c008ce206d4b	Space your plants 10-12 inches apart, this will help with air circulation
parsley	row-none	in_row_inches	[6,12]	uwi_hort	https://hort.extension.wisc.edu/articles/parsley/	fc2304ad6ab2fc1a5a362c6675e06e20ac1350cf8799d3455a09d21aa775b6dd	Place the plants 6 to 12 inches apart in relatively fertile soil
peach	row-none	in_row_inches	[216,240]	ncsu_ext	https://content.ces.ncsu.edu/north-carolina-production-guide-for-smaller-orchard-plantings	b5a026fd1433cdc4d194d59eb03d5a2b45d93ba6a38bce3ed87ab0e5b9206280	should be planted on an 18- to 20-foot x 20-foot spacing
peach	row-none	row_spacing_inches	[240,240]	ncsu_ext	https://content.ces.ncsu.edu/north-carolina-production-guide-for-smaller-orchard-plantings	b5a026fd1433cdc4d194d59eb03d5a2b45d93ba6a38bce3ed87ab0e5b9206280	should be planted on an 18- to 20-foot x 20-foot spacing
plum	row-none	in_row_inches	[216,264]	clemson_hgic	https://hgic.clemson.edu/factsheet/plum/	0e53594e5b6e7df73f5dce0eb585f6bef491b46cd296b68054ae5239866ba5a8	Plums should be planted 18 to 22 feet apart.
pole-beans	row-none	in_row_inches	[4,6]	uiuc_ext	https://extension.illinois.edu/gardening/snap-beans	a4c48e436b1ae29000fa048e1c7bdc106db36846db6d21a4a45145a32140d7b3	Plant seeds of pole beans 4 to 6 inches apart in rows 30 to 36 inches apart
pole-beans	row-none	row_spacing_inches	[30,36]	uiuc_ext	https://extension.illinois.edu/gardening/snap-beans	a4c48e436b1ae29000fa048e1c7bdc106db36846db6d21a4a45145a32140d7b3	Plant seeds of pole beans 4 to 6 inches apart in rows 30 to 36 inches apart
potato	row-none	in_row_inches	[10,12]	umn_ext	https://extension.umn.edu/vegetables/growing-potatoes	fccae103bdc2e2ac8b08f9d82b7669a364f77fccf99adcee19e7a936da692773	Plant tuber pieces cut side down, 10 to 12 inches apart and about three to five inches deep, in rows 30 to 36 inches apart.
potato	row-none	row_spacing_inches	[30,36]	umn_ext	https://extension.umn.edu/vegetables/growing-potatoes	fccae103bdc2e2ac8b08f9d82b7669a364f77fccf99adcee19e7a936da692773	in rows 30 to 36 inches apart
radish	row-none	in_row_inches	[2,4]	umd_ext	https://extension.umd.edu/resource/growing-radishes-home-garden	13d8f0d8429057f9497ea23741cb62880d8757b41984728f22198210c4bb38e8	When they germinate, thin the seedlings so that the remaining plants are 2 to 4 inches apart depending on the type.
radish	row-none	row_spacing_inches	[12,24]	clemson_hgic	https://hgic.clemson.edu/factsheet/carrot-beet-radish-parsnip/	a02e152b4acee1a0d4c2b88aab076eb10feb2e2bb4eb6776e0488554b25df35b	Plant radish seed in rows 12 to 24 inches apart
sage	row-none	in_row_inches	[18,24]	uwi_hort	https://hort.extension.wisc.edu/articles/sage-salvia-officinalis/	7dea48c7894560e3b1b2e26d129ec90fa81acd2f3c4adc3f3c45242d854a9bd9	Space plants 18 to 24 inches apart and divide every few years to rejuvenate the plants.
snow-peas	row-none	in_row_inches	[1,3]	umd_ext	https://extension.umd.edu/resource/peas/	45bf3174fc1025e64b1346ab6c4d90ed50b523e90e1c91450e614394e43e4425	Sow seed in garden 1 to 3 inches apart
snow-peas	row-none	row_spacing_inches	[18,18]	umd_ext	https://extension.umd.edu/resource/peas/	45bf3174fc1025e64b1346ab6c4d90ed50b523e90e1c91450e614394e43e4425	Plant in wide rows, about 18 inches apart.
spring-onion	row-none	in_row_inches	[1,2]	clemson_hgic	https://hgic.clemson.edu/factsheet/onion-leek-shallot-garlic/	0af3891feb42280a6e3c96e6c457e1a6f09607a175650dc33f47f131e654f367	Place seeds or sets 1 to 2 inches apart in the row for green onions and 3 inches for bulb onions.
spring-onion	row-none	row_spacing_inches	[12,24]	clemson_hgic	https://hgic.clemson.edu/factsheet/onion-leek-shallot-garlic/	0af3891feb42280a6e3c96e6c457e1a6f09607a175650dc33f47f131e654f367	Plant onions in rows 1 to 2 feet apart in a moist seedbed.
sugar-snap-peas	row-none	in_row_inches	[1,2]	usu_ext	https://extension.usu.edu/yardandgarden/research/peas-in-the-garden	50480fe0f5cc55d0493c7558ad1f36d50a52fe8a7ddfb9942855b0cb180bcd55	Plant seeds ½-1 inch deep, spaced 1-2 inches apart, in rows 12-24 inches apart.
sugar-snap-peas	row-none	row_spacing_inches	[12,24]	usu_ext	https://extension.usu.edu/yardandgarden/research/peas-in-the-garden	50480fe0f5cc55d0493c7558ad1f36d50a52fe8a7ddfb9942855b0cb180bcd55	in rows 12-24 inches apart
sunflower	row-none	in_row_inches	[6,24]	mu_ext	https://extension.missouri.edu/publications/ym102	725e4e9cd8d57e92470b52af5d365c70ad2aa713306e1ca7cd8b764a330c8e4b	Varieties 2 to 5 feet tall, plant 6 inches apart. Varieties over 5 feet, plant 12 inches apart. Giant varieties, plant 24 inches apart.
swiss-chard	row-none	in_row_inches	[6,12]	vce_426_331	https://www.pubs.ext.vt.edu/426/426-331/426-331.html	52fda56c97eca81aa63955bcc5d4dfdf8dbac4c29921a82eb35f154c0cd85720	Chard, Swiss 6-12 in 18-30 in 1/5 oz seed
swiss-chard	row-none	row_spacing_inches	[18,30]	vce_426_331	https://www.pubs.ext.vt.edu/426/426-331/426-331.html	52fda56c97eca81aa63955bcc5d4dfdf8dbac4c29921a82eb35f154c0cd85720	Chard, Swiss 6-12 in 18-30 in
thyme	row-none	in_row_inches	[8,12]	umd_ext	https://extension.umd.edu/resource/thyme	3816489cda8baf86f393a84aa8d2995912e857aa924f2704c51554863bfbb766	Thin plants 8-12” apart.
banana-pepper	row-none	in_row_inches	[12,24]	uga_ext	https://fieldreport.caes.uga.edu/publications/C1005/home-garden-peppers/	0e405e6e03e1a37799c1bac71389bbbb940d838dbd6b51633b3ed9e1a5902cd0	When planting, space pepper plants 12–24 in. apart in the row, with rows about 3 ft apart.
banana-pepper	row-none	row_spacing_inches	[36,36]	uga_ext	https://fieldreport.caes.uga.edu/publications/C1005/home-garden-peppers/	0e405e6e03e1a37799c1bac71389bbbb940d838dbd6b51633b3ed9e1a5902cd0	with rows about 3 ft apart
bee-balm	row-none	in_row_inches	[24,30]	iastate_ext	https://yardandgarden.extension.iastate.edu/faq/leaves-my-bee-balms-are-covered-grayish-white-powder-what-problem	1e015a305957d000bd6332edd2747d62346ecb42f6ca5dad624cf59fc1f8b71c	When planting bee balms, select a site that receives at least 6 hours of direct sun each day and space plants 2 to 2½ feet apart.
blueberry	row-none	in_row_inches	[48,60]	ncsu_ext	https://content.ces.ncsu.edu/growing-blueberries-in-the-home-garden	eaf5825dfdfa10f0171159c56c771d188e58b66fc46123d474b2c205dc4f259b	Plant highbush varieties every 4-5 ft in the row and 8-10 ft between rows.
blueberry	row-none	row_spacing_inches	[96,120]	ncsu_ext	https://content.ces.ncsu.edu/growing-blueberries-in-the-home-garden	eaf5825dfdfa10f0171159c56c771d188e58b66fc46123d474b2c205dc4f259b	Plant highbush varieties every 4-5 ft in the row and 8-10 ft between rows.
bok-choy	row-none	in_row_inches	[6,6]	ncsu_ext	https://plants.ces.ncsu.edu/plants/brassica-rapa-chinensis-group/	dda5a720efc9428d7e13d41df728ead69d96fbb167c8a660b8c2e24dd13e5088	Bury seeds 1/4 to 1/2 in deep and space or thin plants to 6 in apart.
celery	row-none	in_row_inches	[6,12]	uf_ifas_vh021	https://ask.ifas.ufl.edu/publication/VH021	7ff585e6999b66923a3422589b068032cd5ed6f3463bbe43f60a5325ed179994	Celery Jan–Mar Sept–Mar Oct–Mar 15 10–20 75–90 6–12 18 On surface
celery	row-none	row_spacing_inches	[18,18]	uf_ifas_vh021	https://ask.ifas.ufl.edu/publication/VH021	7ff585e6999b66923a3422589b068032cd5ed6f3463bbe43f60a5325ed179994	Celery Jan–Mar Sept–Mar Oct–Mar 15 10–20 75–90 6–12 18 On surface
chamomile	row-none	in_row_inches	[8,8]	msu_bozeman	https://agresearch.montana.edu/warc/research_current/research_past/herbsandoils/chamomile.html	067a9e803e32db6eb531a1a1526d9e692ca90a61fa84571153e678c12c54c5eb	"Transplants may be spaced 8"" apart in rows 18"" apart."
chamomile	row-none	row_spacing_inches	[18,18]	msu_bozeman	https://agresearch.montana.edu/warc/research_current/research_past/herbsandoils/chamomile.html	067a9e803e32db6eb531a1a1526d9e692ca90a61fa84571153e678c12c54c5eb	"Transplants may be spaced 8"" apart in rows 18"" apart."
chives	row-none	in_row_inches	[6,12]	umn_ext	https://extension.umn.edu/vegetables/growing-chives	a0ec06f1abf760b79817dfe3c8dade3d6ac890241b029e1721d65bb018b8afde	Space plants 6 to 12 inches apart.
cilantro-coriander	row-none	in_row_inches	[2,2]	usu_ext	https://extension.usu.edu/yardandgarden/research/cilantro-coriander-in-the-garden	e39bf448bda796b66703bceac2e33e59ca4f12079a738f340293d9514f616189	Plant cilantro seeds ½ inch deep and space 2 inches apart if you are planning to use the plant for its leaves.
cilantro-coriander	row-none	row_spacing_inches	[15,15]	usu_ext	https://extension.usu.edu/yardandgarden/research/cilantro-coriander-in-the-garden	e39bf448bda796b66703bceac2e33e59ca4f12079a738f340293d9514f616189	Rows should be at least 15 inches apart.
collards	row-none	in_row_inches	[12,24]	umd_ext	https://extension.umd.edu/resource/growing-leafy-greens-home-garden	94d4abb9675d43d82f60c849ef5bc345d3d15a0c1af9b21177506d1650afd0a6	"Kale, collard, and mustard: 12""- 24"" in-row x 30""- 36"" between rows for large plants."
collards	row-none	row_spacing_inches	[30,36]	umd_ext	https://extension.umd.edu/resource/growing-leafy-greens-home-garden	94d4abb9675d43d82f60c849ef5bc345d3d15a0c1af9b21177506d1650afd0a6	"Kale, collard, and mustard: 12""- 24"" in-row x 30""- 36"" between rows for large plants."
cucumber	row-none	in_row_inches	[12,18]	vce_426_331	https://www.pubs.ext.vt.edu/426/426-331/426-331.html	52fda56c97eca81aa63955bcc5d4dfdf8dbac4c29921a82eb35f154c0cd85720	Cucumbers 12-18 in 48-72 in
cucumber	row-none	row_spacing_inches	[48,72]	vce_426_331	https://www.pubs.ext.vt.edu/426/426-331/426-331.html	52fda56c97eca81aa63955bcc5d4dfdf8dbac4c29921a82eb35f154c0cd85720	Cucumbers 12-18 in 48-72 in
dill	row-none	in_row_inches	[9,9]	usu_ext	https://extension.usu.edu/yardandgarden/research/dill-in-the-garden	d8107dfeb866ad323209c060c8888b8e44cb7116ec3fbf2490767932f9fb992b	After emergence, thin plants to 9 inches apart and space rows 12 inch apart.
dill	row-none	row_spacing_inches	[12,12]	usu_ext	https://extension.usu.edu/yardandgarden/research/dill-in-the-garden	d8107dfeb866ad323209c060c8888b8e44cb7116ec3fbf2490767932f9fb992b	space rows 12 inch apart
elderberry	row-none	in_row_inches	[60,84]	psu_ext	https://extension.psu.edu/elderberry-in-the-garden-and-the-kitchen	4e6f445f33625ed4506e847c3324ff58ebe1419300dd2925cd6949def6305aaf	Ensure spacing is 5 to 7 feet between plants
fig	row-none	in_row_inches	[120,192]	uf_ifas_edis	https://edis.ifas.ufl.edu/publication/MG214	d7c37ccaf58da9e6f392296a05a3f6e849546bc504e56f69acac77dfb41e70f2	The spacing of 10–16 ft (3–5 m) between plants and 13–20 ft (4–6 m) between rows is used for orchards, and similar spacing should be maintained for dooryard trees
fig	row-none	row_spacing_inches	[156,240]	uf_ifas_edis	https://edis.ifas.ufl.edu/publication/MG214	d7c37ccaf58da9e6f392296a05a3f6e849546bc504e56f69acac77dfb41e70f2	The spacing of 10–16 ft (3–5 m) between plants and 13–20 ft (4–6 m) between rows is used for orchards, and similar spacing should be maintained for dooryard trees
grapefruit	row-none	in_row_inches	[180,180]	uf_ifas_hs132	https://edis.ifas.ufl.edu/publication/HS132	1022a27cf8b7eeda30a87755128be2e4748e3bd9ff0465cedebb7b684e1627fe	For home plantings, the spacing recommended should be a minimum of 15 feet between trees.
mandarin-clementine	row-none	in_row_inches	[180,180]	uf_ifas_hs132	https://edis.ifas.ufl.edu/publication/HS132	1022a27cf8b7eeda30a87755128be2e4748e3bd9ff0465cedebb7b684e1627fe	For home plantings, the spacing recommended should be a minimum of 15 feet between trees.
habanero	row-none	in_row_inches	[12,24]	umd_ext	https://extension.umd.edu/resource/growing-peppers-home-garden	4fe5a4ddae5c61744f5919ac66105662c70483d16207334fe7d5221db9612c6f	"Spacing: 12""- 24"" in-rows x 30""- 36"" between row"
habanero	row-none	row_spacing_inches	[30,36]	umd_ext	https://extension.umd.edu/resource/growing-peppers-home-garden	4fe5a4ddae5c61744f5919ac66105662c70483d16207334fe7d5221db9612c6f	"x 30""- 36"" between row"
kohlrabi	row-none	in_row_inches	[6,8]	iastate_ext	https://yardandgarden.extension.iastate.edu/how-to/growing-kohlrabi-home-garden	abb62ee7fd411af09c9a1ea337ab291d7cb82ab37cf4938f7c78a89450c1e976	After thinning, kohlrabi seedlings should be spaced 6-8 inches apart within the row.
kohlrabi	row-none	row_spacing_inches	[18,24]	iastate_ext	https://yardandgarden.extension.iastate.edu/how-to/growing-kohlrabi-home-garden	abb62ee7fd411af09c9a1ea337ab291d7cb82ab37cf4938f7c78a89450c1e976	When planting kohlrabi in the garden, sow seeds in rows spaced 18 to 24 inches apart.
lemongrass	row-none	in_row_inches	[36,36]	usu_ext	https://extension.usu.edu/yardandgarden/research/lemongrass-in-the-garden	e76666f18384fd271666572804a2f67269198c1e02e4cf4293736aa0007394c9	Lemongrass divisions should be spaced 3 feet apart in the garden
lettuce-leaf	row-none	in_row_inches	[6,10]	clemson_hgic	https://hgic.clemson.edu/factsheet/lettuce/	d6d5ca2c428311733acb294d7d42fc9bb43f42896cc56dace7689bcec8c2be5d	Plant leaf lettuce in rows 1 to 2 feet apart with seed one-quarter inch deep and 6 to 10 inches apart in the row.
lettuce-leaf	row-none	row_spacing_inches	[12,24]	clemson_hgic	https://hgic.clemson.edu/factsheet/lettuce/	d6d5ca2c428311733acb294d7d42fc9bb43f42896cc56dace7689bcec8c2be5d	Plant leaf lettuce in rows 1 to 2 feet apart
mint	row-none	in_row_inches	[12,12]	uf_ifas	https://gardeningsolutions.ifas.ufl.edu/plants/edibles/vegetables/mint/	59e8bec08104d49c12660725e0040c92843ee29cb755cc0ca887561d0618462a	Space plants about 12 inches apart to give them room to spread and grow.
mulberry	row-none	in_row_inches	[240,360]	ncsu_ext_handbook_tree_fruit	https://content.ces.ncsu.edu/extension-gardener-handbook/15-tree-fruit-and-nuts	0e16d13e3df8fe822acab5ae904bdcc1de5346cf7ba7d96db5bb15e3dc164408	Red Mulberry 20–30
parsnip	row-none	in_row_inches	[3,3]	clemson_hgic	https://hgic.clemson.edu/factsheet/carrot-beet-radish-parsnip/	a02e152b4acee1a0d4c2b88aab076eb10feb2e2bb4eb6776e0488554b25df35b	When the parsnip plants are 1 to 2 inches tall, thin them to 3 inches apart for good root development.
parsnip	row-none	row_spacing_inches	[18,24]	clemson_hgic	https://hgic.clemson.edu/factsheet/carrot-beet-radish-parsnip/	a02e152b4acee1a0d4c2b88aab076eb10feb2e2bb4eb6776e0488554b25df35b	Rows are spaced 18 to 24 inches apart.
pawpaw	row-none	in_row_inches	[96,96]	ksu_pawpaw	https://www.kysu.edu/academics/college-ahnr/school-of-anr/pawpaw/pawpaw-planting-guide.php	7bff9d885e95711a620f9e9edee44a38be7d6ed15058efb697a4e1bc8f2f79ac	When planting trees, allow 8 feet (2.5m) between them.
pear-european	row-none	in_row_inches	[240,240]	uga_ext	https://fieldreport.caes.uga.edu/publications/C742/home-garden-pears/	a6dea5aa83b60c785b1e9292492bba756284fd3c7a2eb659ae7da9eeb98095c3	Plant them 20 ft apart.
roma-tomato	row-none	in_row_inches	[18,24]	iastate_ext	https://yardandgarden.extension.iastate.edu/how-to/growing-tomatoes-home-garden	9e86cd2ecc9bdc3679d2b466b8f3cbcbb7cecb387649795480b2d4e8f921d6bb	Determinate tomatoes can be planted 1.5-2 feet apart in rows 4 feet apart.
roma-tomato	row-none	row_spacing_inches	[48,48]	iastate_ext	https://yardandgarden.extension.iastate.edu/how-to/growing-tomatoes-home-garden	9e86cd2ecc9bdc3679d2b466b8f3cbcbb7cecb387649795480b2d4e8f921d6bb	Determinate tomatoes can be planted 1.5-2 feet apart in rows 4 feet apart.
shallot	row-none	in_row_inches	[3,6]	usu_ext	https://extension.usu.edu/yardandgarden/research/shallots-in-the-garden	d026c71882377087b9c319565188c7f749f03bfd3ae3b0e416f99c559518a1ad	Bulb sets should be planted at 3–6 inches apart in rows 12–18 inches apart.
shallot	row-none	row_spacing_inches	[12,18]	usu_ext	https://extension.usu.edu/yardandgarden/research/shallots-in-the-garden	d026c71882377087b9c319565188c7f749f03bfd3ae3b0e416f99c559518a1ad	Bulb sets should be planted at 3–6 inches apart in rows 12–18 inches apart.
slicing-cucumber	row-none	in_row_inches	[12,18]	vce_426_331	https://www.pubs.ext.vt.edu/426/426-331/426-331.html	52fda56c97eca81aa63955bcc5d4dfdf8dbac4c29921a82eb35f154c0cd85720	Cucumbers 12-18 in 48-72 in
slicing-cucumber	row-none	row_spacing_inches	[48,72]	vce_426_331	https://www.pubs.ext.vt.edu/426/426-331/426-331.html	52fda56c97eca81aa63955bcc5d4dfdf8dbac4c29921a82eb35f154c0cd85720	Cucumbers 12-18 in 48-72 in
sweet-potato	row-none	in_row_inches	[12,14]	uf_ifas	https://gardeningsolutions.ifas.ufl.edu/plants/edibles/vegetables/sweet-potatoes/	6e7387591ad2c9f421513017147f261a772010c68387937977d7a8b9b15e574f	Plant your sweet potatoes in rows spaced 36 inches apart with 12 to 14 inches between each plant.
sweet-potato	row-none	row_spacing_inches	[36,36]	uf_ifas	https://gardeningsolutions.ifas.ufl.edu/plants/edibles/vegetables/sweet-potatoes/	6e7387591ad2c9f421513017147f261a772010c68387937977d7a8b9b15e574f	Plant your sweet potatoes in rows spaced 36 inches apart
tomatillo	row-none	in_row_inches	[24,24]	usu_ext	https://extension.usu.edu/yardandgarden/research/tomatillos-in-the-garden	506d9e776881071f7b26324b9c614d025bac5d3acfc8390ec2d6c1c7465f3996	Transplants should be planted 2 feet apart in rows spaced 3 feet apart.
tomatillo	row-none	row_spacing_inches	[36,36]	usu_ext	https://extension.usu.edu/yardandgarden/research/tomatillos-in-the-garden	506d9e776881071f7b26324b9c614d025bac5d3acfc8390ec2d6c1c7465f3996	Transplants should be planted 2 feet apart in rows spaced 3 feet apart.
turnip	row-none	in_row_inches	[2,3]	clemson_hgic	https://hgic.clemson.edu/factsheet/turnips-rutabagas/	6bc936775c92d45d7a9acec1d2e63b80d64099456a348d4bb20c7f6474d25886	Space plants 2 to 3 inches apart in the row.
turnip	row-none	row_spacing_inches	[14,18]	clemson_hgic	https://hgic.clemson.edu/factsheet/turnips-rutabagas/	6bc936775c92d45d7a9acec1d2e63b80d64099456a348d4bb20c7f6474d25886	Plant in rows that are 14 to 18 inches apart.
viola	row-none	in_row_inches	[6,12]	clemson_hgic	https://hgic.clemson.edu/factsheet/pansies-and-johnny-jump-ups/	a04381623dbe07fac55b89887e468d359df3eb3068f7efc8da8969ed6e539006	Plant pansies and Johnny-jump-ups 6 to 8 inches apart for small-flowered cultivars and 10 to 12 inches apart for large-flowered.
arugula	row-none	in_row_inches	[3,6]	uwi_hort	https://hort.extension.wisc.edu/articles/arugula/	7eff8d0cdf212ad5ddea73716723eda4936b0b0d3d2dccbef1230756f7e81409	Thin seedlings to 3 to 6 inches apart for individual plants, or leave denser plantings for cut-and-come-again treatment.
rosemary	row-none	in_row_inches	[24,24]	psu_ext	https://extension.psu.edu/herb-garden-plants-rosemary	780a6b4aef8748eb8c6c37bf979b4baf8fe1732c5befa7179582a178a17be95c	transplant out in full sun (two feet apart)
cosmos	row-none	in_row_inches	[12,24]	usu_ext	https://extension.usu.edu/yardandgarden/research/cosmos-in-the-garden	57be253ef178eecaabcc540d7535850e17aa5d492b7b10370e607904682f35b7	A plant spacing of 1-2 feet apart is recommended
sweet-alyssum	row-none	in_row_inches	[8,10]	psu_ext	https://extension.psu.edu/sowing-annual-seeds	b8bed9c7e12e37a3b8af9da58c6a408610712be00f5f227c51ad5f225276c1bc	Lobularia maritima sweet alyssum 8–10
echinacea	row-none	in_row_inches	[18,24]	uf_ifas_edis	https://edis.ifas.ufl.edu/publication/FP192	3a8446a2a40b585ae883804714fbc15eed43fdffb0ff7fd7e2da344815d5e614	Plant spacing: 18 to 24 inches
cherry-sweet	row-none	in_row_inches	[180,240]	unh_ext	https://extension.unh.edu/resource/growing-fruits-growing-plums-cherries-and-apricots-nh-home-orchards-fact-sheet	a4db2c37f0d68e46a64756b1e89715e4081c9d06ab170e529dbabfbe274911dc	Plant plum, apricot, and cherry trees 15 to 20 feet apart in the home orchard.
cherry-sour	row-none	in_row_inches	[180,240]	unh_ext	https://extension.unh.edu/resource/growing-fruits-growing-plums-cherries-and-apricots-nh-home-orchards-fact-sheet	a4db2c37f0d68e46a64756b1e89715e4081c9d06ab170e529dbabfbe274911dc	Plant plum, apricot, and cherry trees 15 to 20 feet apart in the home orchard.
pomegranate	row-none	in_row_inches	[120,192]	uf_ifas_edis	https://edis.ifas.ufl.edu/publication/MG056	71c60fd24fd9662c04adedfb466417f1528b12f536c218b21577b723d049aa4a	The spacing of 10-16 ft (3-5 m) between plants and 13-20 ft (4-6 m) between rows are used for orchards, and similar spacing should be maintained for dooryard trees
pomegranate	row-none	row_spacing_inches	[156,240]	uf_ifas_edis	https://edis.ifas.ufl.edu/publication/MG056	71c60fd24fd9662c04adedfb466417f1528b12f536c218b21577b723d049aa4a	The spacing of 10-16 ft (3-5 m) between plants and 13-20 ft (4-6 m) between rows are used for orchards, and similar spacing should be maintained for dooryard trees
dry-bean	row-none	in_row_inches	[2,3]	usu_ext	https://extension.usu.edu/yardandgarden/research/beans-in-the-garden	eb2d6282cc0c4f5f3f0428c443328248080262e942a5c8b1764131c2b80aeb9b	Plant seeds 1 inch deep, spaced 2-3 inches apart, in rows 18-24 inches wide.
dry-bean	row-none	row_spacing_inches	[18,24]	usu_ext	https://extension.usu.edu/yardandgarden/research/beans-in-the-garden	eb2d6282cc0c4f5f3f0428c443328248080262e942a5c8b1764131c2b80aeb9b	Plant seeds 1 inch deep, spaced 2-3 inches apart, in rows 18-24 inches wide.
raspberry	row-none	in_row_inches	[18,24]	umn_ext	https://extension.umn.edu/fruit/growing-raspberries-home-garden	2e413287db204c6b283af3e5e7bb257302e30301a36db468f5ffb883ffae181a	Plant them 18 to 24 inches apart in moist soil.
spinach	row-none	in_row_inches	[2,4]	umn_ext	https://extension.umn.edu/vegetables/growing-spinach-and-swiss-chard	5e436c2caf6cb19ea28927aa202d9dccfd86f123b4727370173815720d37d782	Thin spinach to two to four inches apart.
spinach	row-none	row_spacing_inches	[18,30]	umn_ext	https://extension.umn.edu/vegetables/growing-spinach-and-swiss-chard	5e436c2caf6cb19ea28927aa202d9dccfd86f123b4727370173815720d37d782	Plant seeds one-fourth to one-half inch deep, in rows 18 to 30 inches apart.
onion	row-none	in_row_inches	[4,6]	uf_ifas_gs	https://gardeningsolutions.ifas.ufl.edu/plants/edibles/vegetables/onions-and-shallots/	fac653714ea327412772cabddba2eedb55107cb3dcbd7b1d5b4d45bfc44eece1	Aim to plant your bulbs an inch deep and between four and six inches apart, with a foot between rows.
onion	row-none	row_spacing_inches	[12,12]	uf_ifas_gs	https://gardeningsolutions.ifas.ufl.edu/plants/edibles/vegetables/onions-and-shallots/	fac653714ea327412772cabddba2eedb55107cb3dcbd7b1d5b4d45bfc44eece1	Aim to plant your bulbs an inch deep and between four and six inches apart, with a foot between rows.
zinnia	row-none	in_row_inches	[8,12]	clemson_hgic_1149	https://hgic.clemson.edu/factsheet/how-to-grow-zinnias-the-best-varieties-care-tips/	51cd4b95a34673d2e1a518ac60191dc1e9827697c7ea84a20d1eed7e47cce957	Dwarf cultivars should be planted or thinned 8 to 9 inches apart, whereas taller 2- to 3-foot zinnia cultivars should be spaced a foot apart.
zinnia	row-none	row_spacing_inches	[12,12]	clemson_hgic_1149	https://hgic.clemson.edu/factsheet/how-to-grow-zinnias-the-best-varieties-care-tips/	51cd4b95a34673d2e1a518ac60191dc1e9827697c7ea84a20d1eed7e47cce957	When planting multiple rows of zinnias, space the rows a foot apart.
pear-asian	row-none	in_row_inches	[120,180]	clemson_hgic	https://hgic.clemson.edu/factsheet/asian-pear/	51a58dab9d063beb226e773ecdd80f15bd5cc438c2bf576d69c8a054d0b12db1	Plant trees at least 10 to 15 feet apart in fall or early spring.
sweet-pea	row-none	in_row_inches	[5,6]	osu_ext	https://extension.oregonstate.edu/news/old-fashioned-sweet-peas-fill-garden-fragrance	364a06cb91a6a08c42a32668bc387caee85fe7d1b2e4238fa0490b17381cd8aa	Thin seedlings to 5–6 inches apart.
bell-pepper	row-none	in_row_inches	[18,24]	wsu_ext	https://s3.wp.wsu.edu/uploads/sites/2073/2014/09/Home-Vegetable-Gardening-in-Washington.pdf	7378f653496200a6f260be82f4276a5834d196de2bdc4e7e17d0a720a48c3c34	Pepper ¼-½ 18-24 12-24
bell-pepper	row-none	row_spacing_inches	[12,24]	wsu_ext	https://s3.wp.wsu.edu/uploads/sites/2073/2014/09/Home-Vegetable-Gardening-in-Washington.pdf	7378f653496200a6f260be82f4276a5834d196de2bdc4e7e17d0a720a48c3c34	Pepper ¼-½ 18-24 12-24
garlic	row-none	in_row_inches	[4,6]	wsu_ext	https://s3.wp.wsu.edu/uploads/sites/2073/2014/09/Home-Vegetable-Gardening-in-Washington.pdf	7378f653496200a6f260be82f4276a5834d196de2bdc4e7e17d0a720a48c3c34	Garlic 2 4-6 12-24
garlic	row-none	row_spacing_inches	[12,24]	wsu_ext	https://s3.wp.wsu.edu/uploads/sites/2073/2014/09/Home-Vegetable-Gardening-in-Washington.pdf	7378f653496200a6f260be82f4276a5834d196de2bdc4e7e17d0a720a48c3c34	Garlic 2 4-6 12-24
jalapeno	row-none	in_row_inches	[12,18]	osu_ext	https://ir.library.oregonstate.edu/downloads/v979v342w	f2fdb1d636d2952473094c5ea64a4bd978fe90201fc4b5f897f2c39cfc685a33	"Peppers 10 weeks May May-June May-June May 5-10 plants 24"" 12-18"""
jalapeno	row-none	row_spacing_inches	[24,24]	osu_ext	https://ir.library.oregonstate.edu/downloads/v979v342w	f2fdb1d636d2952473094c5ea64a4bd978fe90201fc4b5f897f2c39cfc685a33	"Peppers 10 weeks May May-June May-June May 5-10 plants 24"" 12-18"""
pickling-cucumber	row-none	in_row_inches	[6,12]	osu_ext	https://ir.library.oregonstate.edu/downloads/v979v342w	f2fdb1d636d2952473094c5ea64a4bd978fe90201fc4b5f897f2c39cfc685a33	"Cucumbers (pickling) 4 weeks May May-June May-June April 15-June 25' of row 48"" 6-12"""
pickling-cucumber	row-none	row_spacing_inches	[48,48]	osu_ext	https://ir.library.oregonstate.edu/downloads/v979v342w	f2fdb1d636d2952473094c5ea64a4bd978fe90201fc4b5f897f2c39cfc685a33	"Cucumbers (pickling) 4 weeks May May-June May-June April 15-June 25' of row 48"" 6-12"""
persimmon	row-none	in_row_inches	[180,216]	tamu_agrilife	https://aggie-horticulture.tamu.edu/fruit-nut/wp-content/uploads/sites/6/2015/04/persimmons_2015.pdf	81a43468f91a81af2aa30e01661bb80a26dfe91415315712db60b197be08c2bf	Plant the trees every 15 to 18 feet in rows that are 20 feet apart.
persimmon	row-none	row_spacing_inches	[240,240]	tamu_agrilife	https://aggie-horticulture.tamu.edu/fruit-nut/wp-content/uploads/sites/6/2015/04/persimmons_2015.pdf	81a43468f91a81af2aa30e01661bb80a26dfe91415315712db60b197be08c2bf	Plant the trees every 15 to 18 feet in rows that are 20 feet apart.
orange-navel	row-none	in_row_inches	[180,240]	uhawaii_ctahr	https://www.ctahr.hawaii.edu/oc/freepubs/pdf/F_N-14.pdf	4d2a3549ec909ea85fc8be84efaea8ef3ed44ad31b4d8ee9547539c7eafaef47	should be 15-20 feet away from other trees or structures
nectarine	row-none	in_row_inches	[144,180]	unh_ext	https://extension.unh.edu/sites/default/files/migrated_unmanaged_files/Resource000586_Rep608.pdf	9507dc3e76e9f9c38ef7624b19d34eca0d83f07a415a2c63bf66ceaced111e59	Plant peach and nectarine trees 12 to 15 feet apart.
