id	question	options	taken	rule
D1	purdue sha	Recompute, do not carry 740cafac	CONFIRMED 740cafac (153,043 B), browser+plain UA byte-identical, edustore url; added to MANIFEST + cache	measure before acting
D2	B577 / C1206 / NCSU re-fetch drift	New bytes ffadc55a / c96b7ec9 / 8d9e9707 vs MANIFEST 61333de7 / 77c14ecc / 5ee8b2df	norm_text IDENTICAL for B577 and C1206 (per-request element ids only); NCSU differs only in its 'printed on' date stamp. Existing MANIFEST rows kept as the cited bytes; no duplicate rows added	records match what the page says
D3	CSU sha	Handoff/scratch de1b2e1a vs today 751295b3	Same length, same norm_text; one byte = weekly stats.wp.com stamp. 751295b3 added to MANIFEST + cache (de1b2e1a never was)	measure before acting
D4	Iowa State 'strongest one to three plants'	Which page?	UNDETERMINED: on no Iowa State page reached (melons d84b3b2f, cucumbers cc412f7c, squash 85fb3c37, all-about-pumpkins 106b8d20; 4 other ISU urls 404). The phrase matches NMSU CR457 25dbbeb4 ('thin to one to three of the most vigorous seedlings'). Nothing minted; RULING NEEDED: the intended url	unfetchable/unfound = undetermined, never fabricated
D5	mint ids	New document ids	purdue_ext_ho8wa, csu_ext_cucurbits_07609 (staged in catalog_mints.json, not in canonical). Reuse uga_b577, uga_c1206_homegrown_pumpkins, ncsu_ext_handbook_vegetable	document id beside portal id (PLA-8/PLA-532)
D6	uga_b577 reuse	Its catalog url/name are the PLANTING CHART PDF; the hashed page is the full B577 'Home Gardening' bulletin	Reused: asparagus and beet already anchor uga_b577 to the fieldreport B577 url. FLAG: the entry's name says 'Planting Chart'; ruling whether to mint uga_b577_home_gardening	precedent; flagged
D7	sense guard shape	How to keep the cucurbit gloss off potato/strawberry/places	Each term OWNS a crop list (disjoint); exclusions are applied first; per-term refuse_on patterns; anything unclassified REFUSES. New text on an unscoped crop fails loud	waive exact known cases, fail on everything else
D8	pepper/eggplant 'raised, well-drained beds or hills'	hill or none?	hill (the mound-for-drainage sense, = UGA C1206's definition). RULING NEEDED if the gloss should be cucurbit-only	flagged
D9	potato noun 'hill' (5 leaves)	hill, hilling or none?	hilling (the hilled mound). Never hill (tested). RULING NEEDED: hilling vs none	flagged
D10	corn	4 corns are hilling crops but Iowa State sweet corn + NMSU use the PLANTING sense on corn	Planting-sense phrasing (per hill / in hills / hills spaced|apart / seeds to each hill) REFUSES on a hilling crop (tested); no live corn leaf uses it	fail loud
D11	thinning.to_spacing (6 leaves)	read by no consumer	Classified hill like the rest; in the table as register 'neither'	measure
D12	shared match fixture	Propose	glossary-match.fixture.PROPOSED.json: 29 hand-written cases, spec = glossary_match.json; guard agrees 29/29. STOP FOR RULING	PLA-651 units-fixture pattern
D13	PLA-674 encoding	null vs []	STAGED BOTH. Precedent measured: harvest_ready_sources is the only roster-wide sibling, [] / {} on its 26 unsourced crops; description_sources carries one null; all others ABSENT. The PLA-581 ruling (2026-09-21): null = not assessed, [] = assessed and none found. RECOMMEND null (nobody has assessed soil_prep sourcing on 120 crops). RULING NEEDED	PLA-581 three-state rule vs harvest_ready precedent
D14	PLA-674 scope	121 crops?	soil_prep prose exists on only 40 of 121 certified crops; 81 have no soil_prep key. Staged per the ruling's letter (121). RULING NEEDED: 121, or only the 40 with prose (key absent elsewhere, the mature_dimensions_sources precedent: absent on 62)	flagged
D15	PLA-674 placement	Where in the crop object	Immediately after the last soil_prep_* key (the mature_dimensions_* precedent); appended at the end on the 81 without prose	newest sibling precedent
D16	watermelon backfill	verified date	sources [uga_ext, clemson_hgic], anchors C1035 + Clemson watermelon factsheet, from the 14 Phase C EVIDENCE rows, all re-proven against hashed bytes today -> verified 2026-10-05	Phase C rule 38 (new anchors carry their verify date)
D17	5a watermelon row entry	Re-read	FAITHFUL to Clemson HGIC 77feea89 ('rows spaced 6 to 8 feet apart' / 'plants should be spaced 5 to 6 feet apart within the row'). Clemson is the wide outlier among hashed cited pages: WSU 24-36 in x 48-60 in; UF VH021 24-48 in x 60 in; VT 3-4 ft x 5-10 ft; OSU 60 in x 72 in. Addendum arithmetic note: 2-3 ft x 6-8 ft = 12-24 sq ft per plant; 30-48 sq ft is the CURRENT Clemson entry. No change	read-only
D18	5b trained vine band	Search T2/T3	NO source of any tier states a band width. MSU P2905 (T1) names the practice ('vines may also be trained down the rows...') with no width. Row center-to-center figures exist (UGA 60-72 in; UMD 6 ft plastic) but are not band widths. HOUSE RULING NEEDED	nothing added
D19	consumers' read path (Q6)	Live or pinned?	plant-app build scripts read the LIVE ~/plant-dataset working tree; plant-astro reads its pinned submodule (ffbbc35 = 350eda38) unless PLANT_DATASET_PATH is set. See the answer section	measured
D20	tooling	Where the guard lives	tools/glossary_sense.py + tools/test_glossary_sense.py (76 pass) + tools/mutate_glossary_sense.py (24/24 caught on named failures, sentinel live, positive control green). UNCOMMITTED	mutation bar
D21	pumpkin/butternut 'mounds about a foot across'	Lead from step 1	Still on no hashed page: Purdue states height only (8-10 in), C1206 'a few inches', no page states a diameter. Recorded, not acted on	read-only
R-D4	Iowa State page	RULED: drop	No Iowa State attribution. NMSU CR457 (25dbbeb4, hashed T1, packet-1 quote 47) carries 'one to three'; minted nmsu_ext_cr457 (staged)	Trevor 2026-10-05
R-D6	uga_b577	RULED: one document, one id	uga_b577 url = one-page Home Garden Planting Chart PDF (a9ed2655), a different document -> minted uga_b577_home_gardening (staged). 7 live anchors (asparagus 4, beet 3) carry the bulletin url under uga_b577; not re-keyed	Trevor 2026-10-05
R-D8	pepper/eggplant beds or hills	HELD	3 leaves quoted; no cited page states raised beds or hills (Clemson pepper: well-drained soil; Clemson eggplant: avoid excessive soil moisture; NCSU index page states nothing). Fixture pepper case removed	Trevor 2026-10-05
R-D9	potato noun hill	RULED: hilling	as staged	Trevor 2026-10-05
R-D12	fixture	RULED: approved	glossary-match.fixture.json sha256 3ee3749058d0b8b7dff1563dfe39307cb864517f8b266a1f323da7cb7c06a2c3, 28 hand-written cases	Trevor 2026-10-05
R-D13	encoding	RULED: null	stage builder emits null only (13b0ccd7); empty variant retired	Trevor 2026-10-05
R-D14	scope	RULED: 121	PLA-684 filed: 81 crops have soil_prep keys ABSENT (0 null, 0 empty)	Trevor 2026-10-05
R-D18	band width	RULED: none	(a) correction comment posted on PLA-673; (b) row table: watermelon in-row is the outlier (Clemson 5-6 ft vs 2-4 ft), pumpkin 48x72 is not	Trevor 2026-10-05
R-MW	mounds about a foot across	RECORDED	4 leaves (pumpkin, butternut, acorn, spaghetti soil_prep_seasoned); comment posted on PLA-673	Trevor 2026-10-05
R2-PRE	part B prerequisites	all checked	git fetch OK; origin/main = HEAD = ffdaa4a; canonical 350eda38; plant-app 0f3864ae on origin/feat/community-foundation (local ~/plant-app still at 371a0f4a, behind it); plant-astro b9b2c49 (accept) + 23df2d5 (citation shape) on origin/main; export_staleness_gate 0 violations, 0 unmeasured	Trevor 2026-10-05 prerequisites
R2-STOP1	definition evidence check	STOP	3 of 31 sentences unsupported: hill.definition_beginner 2 ('pull out'; NCSU + CSU on the entry say snip/clip rather than pull); hilling.definition_beginner 4 and definition_seasoned 7 ('and parsnips'; UMN's sentence is about carrot varieties). Table: definition_evidence_check.tsv	a sentence its quotes don't support stops the build
R2-STOP2	umn_ext anchoring for hilling	STOP (precedent changes ruled content)	hilling's umn_ext covers 3 UMN pages (potatoes P2 1-8, carrots-and-parsnips P2 12, leeks P2 13-14). No anchoring_urls value in canonical carries more than one url (30,488 anchors, all {url, verified[, note]}). Precedent for a second page of one portal on one field = mint a document-scoped child id (Phase C decision 32, clemson_hgic_cucurbit_insects; PLA-532 sec. 4), which changes the approved hilling.sources and the mint list. hill's umn_ext anchors one page (UMN cucumbers): no issue	if there is no precedent, stop and report
R2-D14	the 7 non-certified records	ordinary crop records	128 records in crops[]: 121 certified + 7 uncertified shells (avocado, olive, 5 mushrooms; status None, 62-83 keys, same core schema, already carrying harvest_ready_sources/_anchoring_urls). Siblings go on all 128, null. Precedent tension flagged: critical_warnings (PLA-581) and planting_layout (PLA-10) left shells key-absent	Trevor D14 round 2
R2-MATCH	match shape	applied	glossary_match.json now {hill:{match:[matcher]}, hilling:{match:[matcher]}}, matcher keys exactly sense/forms/crops/refuse_on/exclusions; identical exclusion lists (the guard refuses divergence); build_spec reads the dataset glossary directly	Trevor MATCH SHAPE
R2-D8	pepper/eggplant tag	applied	exclusion pepper-eggplant-beds-or-hills (crops bell-pepper, banana-pepper, eggplant; why 'unsupported claim, re-author pending (part B2)'); peppers removed from the hill scope, so other hill text there refuses; live 108 hill / 60 hilling / 64 none	Trevor D8 round 2
R2-D12	fixture	new sha	glossary-match.fixture.json sha256 01912d659aa3492514347ea9cdc343e23d0a769a4c533155e64052b521af59a8 (5,122 B), 31 hand-written cases (+2 pepper/eggplant none, +1 pepper refuse)	Trevor D8/D12
R2-B2	part B2 packet	posted	67 quotes; Clemson eggplant hashed 635ebdeb into MANIFEST; eggplant rotation CONTRADICTED by its own source (rotate WITH cucurbits)	Trevor B2
R2-C	part C packet	posted	16 quotes incl. table headers; only thinning.tip_seasoned restates the row figure	Trevor part C
R2-D6F	D6 follow-up	filed PLA-686	7 anchors (asparagus 4, beet 3) to re-key, each checked against the bulletin first	Trevor D6 follow-up
