term	register	n	sentence	quotes	quote_text	verdict	note
hill	definition_beginner	1	A hill is a small group of seeds planted together in one spot.	P1.16 + P1.9 + P1.35	"P1.16 <ncsu> hilling is placing several seeds in one spot at definite intervals. || P1.9 <csu> plant five or six seeds together in hills 4 to 6 feet apart. || P1.35 <umn_cuc> a ""hill"" of three or four seeds sown close together is another way to plant cucumbers in the garden."	PASS	
hill	definition_beginner	2	Once the seedlings come up, you remove the weaker ones and keep the strongest one to three plants.	P1.47 + P1.10 + P1.18 + P1.4	P1.47 <nmsu> thin to one to three of the most vigorous seedlings after emergence when plants have their first true leaves. || P1.10 <csu> after emergence, thin each hill to the two or three strongest seedlings. || P1.18 <ncsu> once the seeds germinate, the hills are thinned, leaving one or two plants per hill, depending on the vegetable. || P1.4 <purdue> remove all but 2-3 large, healthy, well-spaced plants per hill.	PASS	'remove' = Purdue 'remove all but'; one to three = the union of NCSU 1-2, CSU 2-3, Purdue 2-3, NMSU 1-3 (round 2 re-author).
hill	definition_beginner	3	Snip or pinch off the extras instead of pulling them, so you don't disturb the roots of the plants you keep.	S1 + S2	S1 <ncsu> pinch or cut out seedlings rather than pulling them out of the soil to avoid potentially damaging nearby root systems. || S2 <csu> clip plants during thinning to avoid disturbing the roots nearby seedlings.	PASS	snip/pinch = NCSU 'pinch or cut out', CSU 'clip'; 'instead of pulling' = 'rather than pulling'; the kept plants' roots = 'nearby root systems' / 'nearby seedlings' (round 2, new).
hill	definition_beginner	4	Some guides raise the soil into a low mound for each hill so extra water drains away.	P1.8 + P1.20 + P1.1	P1.8 <csu> these plants are usually planted in hills or mounds so excess water drains away from the seedlings. || P1.20 <c1206> planting in hills simply means raising the soil up a few inches into a gentle mound, which helps to ensure proper drainage. || P1.1 <purdue> to form a hill, mound soil to make a low, broad hill about 8-10 inches high.	PASS	
hill	definition_beginner	5	Others treat a hill as just the group of plants, with no mound.	P1.13	P1.13 <b577> a hill is a cluster of plants, not a mound of soil.	PASS	
hill	definition_beginner	6	The distance between hills is measured from one planted group to the next.	P1.3 + P1.36	P1.3 <purdue> each hill should be 4-8 feet apart, depending on the variety you select. || P1.36 <umn_cuc> allow five to six feet between hills.	PASS-note	a restatement of 'X feet apart' / 'between hills'; neither quote says center-to-center vs edge, and the sentence does not either.
hill	definition_seasoned	1	Hill: several seeds sown together in one spot, with the spots set at regular intervals.	P1.16	P1.16 <ncsu> hilling is placing several seeds in one spot at definite intervals.	PASS-note	NCSU 'definite intervals' rendered as 'regular intervals'.
hill	definition_seasoned	2	After emergence, each hill is thinned to its strongest plants: one or two in NC State's handbook, two or three in the CSU and Purdue guides, and one to three in NMSU's.	P1.18 + P1.10 + P1.4 + P1.47	P1.18 <ncsu> once the seeds germinate, the hills are thinned, leaving one or two plants per hill, depending on the vegetable. || P1.10 <csu> after emergence, thin each hill to the two or three strongest seedlings. || P1.4 <purdue> remove all but 2-3 large, healthy, well-spaced plants per hill. || P1.47 <nmsu> thin to one to three of the most vigorous seedlings after emergence when plants have their first true leaves.	PASS	
hill	definition_seasoned	3	Clip or pinch the extras rather than pulling them, to avoid damaging the roots of the seedlings that stay (NC State, CSU).	S1 + S2	S1 <ncsu> pinch or cut out seedlings rather than pulling them out of the soil to avoid potentially damaging nearby root systems. || S2 <csu> clip plants during thinning to avoid disturbing the roots nearby seedlings.	PASS-note	NCSU's quote is in its general THINNING section (all crops); CSU's directly follows 'after emergence, thin each hill to the two or three strongest seedlings' (hill-specific). The sentence applies both to hill thinning (round 2, new).
hill	definition_seasoned	4	Sources differ on whether a hill is raised.	P1.8 + P1.20 + P1.1 + P1.13 + P1.46	P1.8 <csu> these plants are usually planted in hills or mounds so excess water drains away from the seedlings. || P1.20 <c1206> planting in hills simply means raising the soil up a few inches into a gentle mound, which helps to ensure proper drainage. || P1.1 <purdue> to form a hill, mound soil to make a low, broad hill about 8-10 inches high. || P1.13 <b577> a hill is a cluster of plants, not a mound of soil. || P1.46 <nmsu> use a hoe to make a hole in the soil, then drop four or five seeds in the bottom of the hole.	PASS	
hill	definition_seasoned	5	CSU uses hills or mounds to drain excess water away from seedlings.	P1.8	P1.8 <csu> these plants are usually planted in hills or mounds so excess water drains away from the seedlings.	PASS	
hill	definition_seasoned	6	UGA's pumpkin guide raises the soil a few inches into a gentle mound for drainage.	P1.20	P1.20 <c1206> planting in hills simply means raising the soil up a few inches into a gentle mound, which helps to ensure proper drainage.	PASS	
hill	definition_seasoned	7	Purdue forms a low, broad hill about 8 to 10 inches high.	P1.1	P1.1 <purdue> to form a hill, mound soil to make a low, broad hill about 8-10 inches high.	PASS	
hill	definition_seasoned	8	UGA's home gardening bulletin defines a hill as a cluster of plants rather than a mound of soil.	P1.13	P1.13 <b577> a hill is a cluster of plants, not a mound of soil.	PASS	
hill	definition_seasoned	9	NMSU sows each hill in a hole made with a hoe.	P1.46	P1.46 <nmsu> use a hoe to make a hole in the soil, then drop four or five seeds in the bottom of the hole.	PASS	
hill	definition_seasoned	10	Hill spacing is the distance from one hill to the next.	P1.3 + P1.36	P1.3 <purdue> each hill should be 4-8 feet apart, depending on the variety you select. || P1.36 <umn_cuc> allow five to six feet between hills.	PASS	
hilling	definition_beginner	1	Hilling means piling soil up around plants as they grow.	P2.1 + P2.14	P2.1 <umn_pot> once the green shoots emerge, hill soil up around plants as they grow. || P2.14 <umn_leek> another method is to hill the plants by planting them at normal soil level, then mounding compost or soil around the plants several times during the growing season.	PASS	
hilling	definition_beginner	2	Potatoes are hilled so the potatoes growing near the surface stay covered, because light turns them green.	P2.2	P2.2 <umn_pot> hilling keeps shallow tubers from exposure to light and turning green.	PASS	
hilling	definition_beginner	3	Leeks are hilled to grow a longer white stem.	P2.13 + P2.16	P2.13 <umn_leek> hill the plants to produce a longer white shaft, or plant in a furrow and fill it in. || P2.16 <usu_leek> hilling encourages taller growth thus producing a longer blanched edible stem.	PASS	
hilling	definition_beginner	4	Some carrot varieties push the tops of their roots up out of the soil.	P2.12 + S3	P2.12 <umn_carrot> hilling soil around these plants will keep the roots from turning green. || S3 <umn_carrot> some carrot varieties will push the tops of the roots up out of the soil.	PASS	S3 states it verbatim (round 2: parsnips dropped).
hilling	definition_beginner	5	Hilling soil around them keeps the roots from turning green.	P2.12	P2.12 <umn_carrot> hilling soil around these plants will keep the roots from turning green.	PASS	P2 12 in its S3 context: 'these plants' = those carrot varieties (round 2).
hilling	definition_beginner	6	Very tall corn can be hilled to help keep it from blowing over.	P2.18	P2.18 <clem_grits> these heirloom dent corns grow tall, up to 15 feet, and smaller plantings may blow over more easily in a storm unless spaced a little further apart (2 ft) and hilled with soil.	PASS-note	Clemson scopes it to 'smaller plantings' of heirloom dent corn up to 15 ft.
hilling	definition_beginner	7	The mound you build around potato plants is also called a hill.	P2.8	P2.8 <umn_pot> dig the hills using a spading fork, being careful not to pierce tubers with fork tines.	PASS	
hilling	definition_seasoned	1	Hilling: drawing soil or compost up around growing plants, usually several times a season.	P2.14 + P2.4 + P2.15	P2.14 <umn_leek> another method is to hill the plants by planting them at normal soil level, then mounding compost or soil around the plants several times during the growing season. || P2.4 <umn_pot> start hilling plants when stems are about a foot tall, and once or twice more during the growing season. || P2.15 <usu_leek> during the growing season, hill soil around seeded plants 2-3 times adding 2-3 inches of banked soil.	PASS	
hilling	definition_seasoned	2	For potato, UMN starts when stems are about a foot tall and hills once or twice more, building six to eight inches of soil in total.	P2.4 + P2.5	P2.4 <umn_pot> start hilling plants when stems are about a foot tall, and once or twice more during the growing season. || P2.5 <umn_pot> at the end of the season, you will have hilled six to eight inches of soil in total along the plants.	PASS	
hilling	definition_seasoned	3	Hilling keeps shallow tubers out of the light so they don't turn green.	P2.2	P2.2 <umn_pot> hilling keeps shallow tubers from exposure to light and turning green.	PASS	
hilling	definition_seasoned	4	More buried main stem also means more stolons.	P2.3	P2.3 <umn_pot> the plant will grow more stolons if more of the main stem is underground.	PASS	
hilling	definition_seasoned	5	NMSU keeps at least three-quarters of the foliage above the soil line.	P2.11	P2.11 <nmsu> keep at least three-quarters of the foliage above the soil line.	PASS-note	NMSU's sentence is in its potato paragraph; the definition places it after the potato sentences.
hilling	definition_seasoned	6	Leeks get 2 to 3 inches of soil two or three times a season for a longer blanched shaft (USU).	P2.15 + P2.16	P2.15 <usu_leek> during the growing season, hill soil around seeded plants 2-3 times adding 2-3 inches of banked soil. || P2.16 <usu_leek> hilling encourages taller growth thus producing a longer blanched edible stem.	PASS	
hilling	definition_seasoned	7	On carrot varieties that push their root tops out of the soil, hilling keeps the roots from turning green (UMN).	P2.12 + S3	P2.12 <umn_carrot> hilling soil around these plants will keep the roots from turning green. || S3 <umn_carrot> some carrot varieties will push the tops of the roots up out of the soil.	PASS	P2 12 + S3, carrot varieties only (round 2: parsnips dropped).
hilling	definition_seasoned	8	On very tall heirloom dent corn, hilling plus wider spacing helps keep plants from blowing over (Clemson).	P2.18	P2.18 <clem_grits> these heirloom dent corns grow tall, up to 15 feet, and smaller plantings may blow over more easily in a storm unless spaced a little further apart (2 ft) and hilled with soil.	PASS	
hilling	definition_seasoned	9	The trench method replaces mounding: plant in a shallow trench or furrow and fill it in as plants grow (UMN, NMSU).	P2.6 + P2.7 + P2.13 + P2.10	P2.6 <umn_pot> some gardeners plant seed tubers in shallow trenches to make hilling easier. || P2.7 <umn_pot> instead of mounding soil up, they push the plant down into the trench. || P2.13 <umn_leek> hill the plants to produce a longer white shaft, or plant in a furrow and fill it in. || P2.10 <nmsu> as foliage devel- ops and plants reach 5-6 in. tall, backfill the trench with a mixture of soil and compost throughout the first part of the summer, hilling up the soil around the developing foli- age.	PASS-note	'replaces mounding' is UMN's ('instead of mounding soil up'); NMSU backfills the trench 'hilling up the soil', i.e. treats backfill AS hilling. Composite supported.
hilling	definition_seasoned	10	The hilled mound on potatoes is itself called a hill.	P2.8	P2.8 <umn_pot> dig the hills using a spading fork, being careful not to pierce tubers with fork tines.	PASS	
hilling	definition_seasoned	11	"Planting ""in hills"" is a different practice, even though NC State's handbook calls it hilling too."	P1.15 + P1.16	P1.15 <ncsu> seeds that are large enough to handle can be planted by hilling or by row planting ( drilling ). || P1.16 <ncsu> hilling is placing several seeds in one spot at definite intervals.	PASS	
