crop	leaf_path	register	term	forms	exclusion	noun_hill	context
bell-pepper	diseases.1.prevention_seasoned	seasoned	hill	hills			Plant on raised, well-drained beds or hills, avoid low spots that stay wet, water a
slicing-cucumber	soil.preferred_description_seasoned	seasoned	hill	hills			the long fruit from turning bitter. Many growers sow on low hills or mounds, which warm faster in spring 
slicing-cucumber	soil.preferred_description_beginner	beginner	hill	hills			fruit from tasting bitter. Many gardeners plant them on low hills or mounds that warm up quicker and drai
slicing-cucumber	start_method.notes_seasoned	seasoned	hill	hill			s quickly catch up. Sow several seeds about 1 inch deep per hill or station and thin to the strongest. S
carrot	growth_stages.2.user_action_seasoned	seasoned	hilling	hill			e, about 1 inch per week, to keep roots from splitting, and hill a little soil or mulch over exposed sho
carrot	failure_diagnostics.2.next_season_tip_seasoned	seasoned	hilling	Hill			Hill a little soil or mulch over the shoulde
zucchini-courgette	soil.preferred_description_seasoned	seasoned	hill	hills			se are organic-matter-hungry plants. Raised beds or mounded hills improve drainage and warm the soil fast
zucchini-courgette	companions.good_beginner_seasoned.2.why_seasoned	seasoned	hill	hills			inding. Plant it around the perimeter or at the base of the hills. One honest caveat from growers: the ap
peach	regions.warm_arid.chill_basis_seasoned	seasoned	none	Hill	texas-hill-country		Inland warm-arid winters (the Texas Hill Country and similar) bank roughly 450 t
apple	regions.ca_south_coast.resolved_by_zone.9.suitability_note_seasoned	seasoned	none	Hills	beverly-hills-apple		hill for low chill varieties (Anna, Dorsett Golden, Beverly Hills, Pink Lady at the high end). Reliable w
apple	regions.low_desert_az.chill_basis_seasoned	seasoned	none	Hills	beverly-hills-apple		0 hours or fewer (Anna, Dorsett Golden, Ein Shemer, Beverly Hills) gives a full crop in almost every year
banana-pepper	diseases.1.prevention_seasoned	seasoned	hill	hills			Plant on raised, well-drained beds or hills, avoid low spots that stay wet, water a
pickling-cucumber	soil.preferred_description_seasoned	seasoned	hill	hills			er share of a 2 to 4 inch pickle. Many growers plant in low hills that warm fast and drain well; a trelli
pickling-cucumber	soil.preferred_description_beginner	beginner	hill	hills			 plants make bitter skins. Many gardeners plant them on low hills, which warm up quicker and drain better
pickling-cucumber	start_method.notes_seasoned	seasoned	hill	hill			s lose little time. Sow several seeds about 1 inch deep per hill or station and thin to the strongest. S
yellow-summer-squash	soil.preferred_description_seasoned	seasoned	hill	hills			se are organic-matter-hungry plants. Raised beds or mounded hills improve drainage and warm the soil fast
yellow-summer-squash	companions.good_beginner_seasoned.2.why_seasoned	seasoned	hill	hills			inding. Plant it around the perimeter or at the base of the hills. One honest caveat from growers: the ap
butternut-squash	soil.preferred_description_seasoned	seasoned	hill	hills			nto the bed before planting. Many growers set plants in low hills or mounds, which warm faster in spring,
butternut-squash	soil.preferred_description_beginner	beginner	hill	hills			ive it a generous, fertile bed. Many gardeners plant on low hills or mounds, which warm up faster and dra
butternut-squash	fertilizer.amount_seasoned	seasoned	hill	hill			hly 1.5 pounds per 100 square feet, or a balanced scoop per hill), then a nitrogen side-dress about thre
butternut-squash	start_method.notes_seasoned	seasoned	hill	hill			s quickly catch up. Sow several seeds about 1 inch deep per hill and thin to the strongest. Start seeds 
butternut-squash	start_method.notes_beginner	beginner	hill	hill		yes	is warm (about 70°F). Plant a few seeds 1 inch deep in each hill and keep the strongest. Start seeds ind
butternut-squash	thinning.to_spacing	neither	hill	hill			1 to 2 plants per hill
butternut-squash	thinning.tip_seasoned	seasoned	hill	hill			Sow three to four seeds per hill and thin to the one or two strongest on
butternut-squash	thinning.tip_beginner	beginner	hill	hill		yes	Plant three or four seeds in each hill, then keep the one or two strongest see
butternut-squash	growth_stages.0.user_action_seasoned	seasoned	hill	hill			Sow about 1 inch deep in warm soil, three to four seeds per hill. Keep evenly moist, not soggy. Thin to 
butternut-squash	growth_stages.0.user_action_beginner	beginner	hill	hill			Plant seeds 1 inch deep once the soil is warm, a few per hill. Keep the soil damp until they sprout, 
butternut-squash	failure_diagnostics.1.next_season_tip_seasoned	seasoned	hill	hills			Plant on raised hills for drainage, avoid low wet spots, and 
butternut-squash	failure_diagnostics.1.next_season_tip_beginner	beginner	hill	hills			Plant on raised hills so water drains away, and slip a board 
butternut-squash	soil_prep_seasoned	seasoned	hill	hills			a big, hungry, long-season plant. Many growers plant in low hills or mounds about a foot across, which wa
butternut-squash	soil_prep_beginner	beginner	hill	hills			, since butternut is a large, hungry plant. Plant it on low hills or mounds, which warm up and drain bett
acorn-squash	soil.preferred_description_seasoned	seasoned	hill	hills			nto the bed before planting. Many growers set plants in low hills or mounds, which warm faster in spring,
acorn-squash	soil.preferred_description_beginner	beginner	hill	hills			ive it a generous, fertile bed. Many gardeners plant on low hills or mounds, which warm up faster and dra
acorn-squash	fertilizer.amount_seasoned	seasoned	hill	hill			hly 1.5 pounds per 100 square feet, or a balanced scoop per hill), then a nitrogen side-dress about thre
acorn-squash	start_method.notes_seasoned	seasoned	hill	hill			s quickly catch up. Sow several seeds about 1 inch deep per hill and thin to the strongest. Start seeds 
acorn-squash	start_method.notes_beginner	beginner	hill	hill		yes	is warm (about 70°F). Plant a few seeds 1 inch deep in each hill and keep the strongest. Start seeds ind
acorn-squash	thinning.to_spacing	neither	hill	hill			1 to 2 plants per hill
acorn-squash	thinning.tip_seasoned	seasoned	hill	hill			Sow three to four seeds per hill and thin to the one or two strongest on
acorn-squash	thinning.tip_beginner	beginner	hill	hill		yes	Plant three or four seeds in each hill, then keep the one or two strongest see
acorn-squash	growth_stages.0.user_action_seasoned	seasoned	hill	hill			Sow about 1 inch deep in warm soil, three to four seeds per hill. Keep evenly moist, not soggy. Thin to 
acorn-squash	growth_stages.0.user_action_beginner	beginner	hill	hill			Plant seeds 1 inch deep once the soil is warm, a few per hill. Keep the soil damp until they sprout, 
acorn-squash	failure_diagnostics.1.next_season_tip_seasoned	seasoned	hill	hills			Plant on raised hills for drainage, avoid low wet spots, and 
acorn-squash	failure_diagnostics.1.next_season_tip_beginner	beginner	hill	hills			Plant on raised hills so water drains away, and slip a board 
acorn-squash	soil_prep_seasoned	seasoned	hill	hills			a hungry, warm-season plant. Many growers set plants in low hills or mounds about a foot across, which wa
acorn-squash	soil_prep_beginner	beginner	hill	hills			ting, since acorn squash is a hungry plant. Plant it on low hills or mounds, which warm up and drain bett
spaghetti-squash	soil.preferred_description_seasoned	seasoned	hill	hills			nto the bed before planting. Many growers set plants in low hills or mounds, which warm faster in spring,
spaghetti-squash	soil.preferred_description_beginner	beginner	hill	hills			ive it a generous, fertile bed. Many gardeners plant on low hills or mounds, which warm up faster and dra
spaghetti-squash	fertilizer.amount_seasoned	seasoned	hill	hill			hly 1.5 pounds per 100 square feet, or a balanced scoop per hill), then a nitrogen side-dress about thre
spaghetti-squash	start_method.notes_seasoned	seasoned	hill	hill			s quickly catch up. Sow several seeds about 1 inch deep per hill and thin to the strongest. Start seeds 
spaghetti-squash	start_method.notes_beginner	beginner	hill	hill		yes	is warm (about 70°F). Plant a few seeds 1 inch deep in each hill and keep the strongest. Start seeds ind
spaghetti-squash	thinning.to_spacing	neither	hill	hill			1 to 2 plants per hill
spaghetti-squash	thinning.tip_seasoned	seasoned	hill	hill			Sow three to four seeds per hill and thin to the one or two strongest on
spaghetti-squash	thinning.tip_beginner	beginner	hill	hill		yes	Plant three or four seeds in each hill, then keep the one or two strongest see
spaghetti-squash	growth_stages.0.user_action_seasoned	seasoned	hill	hill			Sow about 1 inch deep in warm soil, three to four seeds per hill. Keep evenly moist, not soggy. Thin to 
spaghetti-squash	growth_stages.0.user_action_beginner	beginner	hill	hill			Plant seeds 1 inch deep once the soil is warm, a few per hill. Keep the soil damp until they sprout, 
spaghetti-squash	failure_diagnostics.1.next_season_tip_seasoned	seasoned	hill	hills			Plant on raised hills for drainage, avoid low wet spots, and 
spaghetti-squash	failure_diagnostics.1.next_season_tip_beginner	beginner	hill	hills			Plant on raised hills so water drains away, and slip a board 
spaghetti-squash	soil_prep_seasoned	seasoned	hill	hills			a hungry, long-season plant. Many growers set plants in low hills or mounds about a foot across, which wa
spaghetti-squash	soil_prep_beginner	beginner	hill	hills			 spaghetti squash is a large, hungry plant. Plant it on low hills or mounds, which warm up and drain bett
snow-peas	regions.hawaii_tropical.region_notes_beginner	beginner	none	hills	hawaii-hills		rop in Hawaii, best grown in the cooler months or up in the hills. Plant in fall for a winter harvest. Th
potato	diseases.1.prevention_seasoned	seasoned	hilling	hill			 seed and resistant varieties, clear crop debris, space and hill for airflow, avoid overhead watering, a
potato	container_notes.shape_requirements_seasoned	seasoned	hilling	hill			ume matter more than width: the container must give room to hill soil over the developing tubers. Use a 
potato	container_notes.notes_beginner	beginner	hilling	hilling			dd more soil over the stems as they grow (this is container hilling). Keep the mix evenly moist and tip the
potato	container_notes.notes_seasoned	seasoned	hilling	hilling			d pieces, and add soil over the stems as they grow to mimic hilling and keep tubers covered. Keep moisture 
potato	container_notes.self_watering_notes_seasoned	seasoned	hilling	hill			aterlogged, and choose a deep container so there is room to hill.
potato	growth_stages.1.what_to_look_for_seasoned	seasoned	hilling	hilling			ds the canopy that will feed the tubers, and when the first hilling is usually done as the stems reach 6 to
potato	growth_stages.1.what_to_look_for_beginner	beginner	hilling	hilling			, leafy plants growing fast. This is the time for the first hilling, mounding soil up around the stems once
potato	growth_stages.1.user_action_seasoned	seasoned	hilling	hilling			Begin hilling: draw soil up around the stems when the
potato	growth_stages.1.user_action_beginner	beginner	hilling	hilling			Start hilling: mound soil up around the stems once th
potato	growth_stages.1.log_prompt_seasoned	seasoned	hilling	hilling			How are your potato plants growing? Have you done the first hilling?
potato	growth_stages.2.what_to_look_for_seasoned	seasoned	hilling	Hill			ly coincides with the start of tuber formation underground. Hill again to keep the developing tubers cov
potato	growth_stages.2.what_to_look_for_beginner	beginner	hilling	Hill			s about when the little potatoes start forming underground. Hill again to keep them covered so they do n
potato	growth_stages.2.user_action_seasoned	seasoned	hilling	Hill			Hill a second time to keep tubers covered, a
potato	growth_stages.2.log_prompt_seasoned	seasoned	hilling	hilled			Are your potatoes flowering? Have you hilled a second time?
potato	growth_stages.3.user_action_seasoned	seasoned	hilling	hill		yes	s covered. For new potatoes, dig carefully at the edge of a hill and re-cover.
potato	growth_stages.4.user_action_seasoned	seasoned	hilling	hill		yes	n a dry day, lifting carefully with a fork well outside the hill to avoid spearing tubers. Let them dry 
potato	tips_by_stage.vegetative.0.text_seasoned	seasoned	hilling	hilling,Hilling			Start hilling when stems reach 6 to 12 inches: draw l
potato	tips_by_stage.vegetative.0.text_beginner	beginner	hilling	hilling			Begin mounding (hilling) soil up around the plants when they ar
potato	tips_by_stage.tuber_initiation.0.text_seasoned	seasoned	hilling	Hill			Hill again around flowering as tubers begin 
potato	tips_by_stage.bulking.1.text_seasoned	seasoned	hilling	hill		yes	For new potatoes, dig carefully at the edge of a hill about 7 to 8 weeks after planting and r
potato	tips_by_stage.harvest.0.text_seasoned	seasoned	hilling	hill		yes	then dig on a dry day, lifting with a fork well outside the hill.
potato	notifications.2.title_seasoned	seasoned	hilling	hill			Time to hill your potatoes
potato	notifications.2.body_seasoned	seasoned	hilling	Hill			aw soil up around them, leaving the top few inches exposed. Hill again around flowering to keep tubers c
potato	failure_diagnostics.0.next_season_tip_seasoned	seasoned	hilling	Hill			Hill thoroughly and keep every tuber covered
potato	yield_expectations.factors_seasoned.4	neither	hilling	Hilling,hilling			Hilling and depth: thorough hilling expands the
potato	regions.northern_tier.region_notes_beginner	beginner	hilling	hill			nd the seed underground is safe. As the plants grow, mound (hill) soil over the row so the new potatoes 
potato	regions.northern_tier.region_notes_seasoned	seasoned	hilling	Hill			t the plants recover and the seed underground is protected. Hill soil over the row as the plants grow to
potato	regions.pnw.region_notes_beginner	beginner	hilling	Hill			ne in the valley or as early as February on the mild coast. Hill soil over the row as plants grow. Dig n
potato	regions.pnw.region_notes_seasoned	seasoned	hilling	Hill			urce's own claim rather than a general mildness assumption. Hill soil over developing tubers as the plan
potato	regions.mid_atlantic.resolved_by_zone.8.zone_notes	neither	hilling	hilling			 pieces Feb 20 to Apr 10 as soon as the soil can be worked, hilling soil over the row as plants grow. Dig f
potato	regions.mid_atlantic.resolved_by_zone.7.zone_notes	neither	hilling	hilling			Piedmont: plant seed potato pieces Mar 10 to May 20, hilling soil over the row as plants grow. Dig f
potato	regions.mid_atlantic.region_notes_seasoned	seasoned	hilling	hill			 85°F. Plant seed pieces as soon as the soil can be worked, hill soil over the row as plants grow to kee
potato	regions.mid_south.resolved_by_zone.7.zone_notes	neither	hilling	hilling			ds: plant seed potato pieces from early March into mid-May, hilling soil over the row as plants grow, and d
potato	regions.mid_south.resolved_by_zone.8.zone_notes	neither	hilling	hilling			uary through early April as soon as the soil can be worked, hilling soil over the row as plants grow, and d
potato	regions.mid_south.region_notes_seasoned	seasoned	hilling	Hill			one 7) and dug from October into November as tops die back. Hill soil over the row as plants grow to kee
potato	regions.nevada.resolved_by_zone.9.notes	neither	hilling	hill			Plant certified seed potato pieces, cut side down, and hill soil over the row as plants grow.
potato	regions.nevada.resolved_by_zone.8.notes	neither	hilling	hill			Plant certified seed potato pieces, cut side down, and hill soil over the row as plants grow.
potato	regions.nevada.resolved_by_zone.10.notes	neither	hilling	hill			Plant certified seed potato pieces, cut side down, and hill soil over the row as plants grow.
potato	regions.utah_dixie.resolved_by_zone.8.notes	neither	hilling	hill			Plant certified seed potato pieces, cut side down, and hill soil over the row as plants grow.
potato	description_seasoned	seasoned	hilling	hilling			mates a fall-through-winter crop. The signature practice is hilling: soil is mounded over the row as the pl
potato	description_beginner	beginner	hilling	hilling			es they are grown through fall and winter. The key trick is hilling: as the plants grow, you mound soil up 
potato	harvest_ready_seasoned	seasoned	hilling	hill,hill		yes	 and best used fresh, can be dug carefully at the edge of a hill from about 7 to 8 weeks after planting.
potato	soil_prep_seasoned	seasoned	hilling	hill			inches apart, once the soil reaches about 50°F, and plan to hill soil over the row as the plants grow.
potato	soil_prep_beginner	beginner	hilling	hill			soil has warmed to about 50°F, and remember you will mound (hill) soil over the row as they grow.
onion	tips_by_stage.germination_emergence.0.text_seasoned	seasoned	hilling	hilling			nap window resist bolting. Plant shallow; deep planting and hilling soil over the bulb damage shallow roots
sweet-corn	growth_stages.2.user_action_seasoned	seasoned	hilling	Hill			nee-high and keep moisture steady as the plants stretch up. Hill a little soil around the base for suppo
rosemary	varieties.recommended.2.name	neither	none	Hill	rosemary-hill-hardy		Hill Hardy
rosemary	varieties.recommended.2.note	neither	none	Hill	rosemary-madalene-hill		Also sold as Madalene Hill; a compact, dense, dark-green upright t
rosemary	varieties.note_seasoned	seasoned	none	Hill	rosemary-hill-hardy		er gardens: Arp is the hardiest, surviving into zone 6, and Hill Hardy and Salem are close behind for zo
rosemary	varieties.note_beginner	beginner	none	Hill	rosemary-hill-hardy		a hardy type: Arp is the toughest and can take zone 6, with Hill Hardy and Salem close behind for zone 7
rosemary	tips_by_stage.dormancy.1.text_seasoned	seasoned	none	Hill	rosemary-hill-hardy		doors in a cold-marginal zone. Arp survives into zone 6 and Hill Hardy into zone 7 with sharp drainage a
rosemary	tips_by_stage.dormancy.1.text_beginner	beginner	none	Hill	rosemary-hill-hardy		e-cold area, choose a tough type. Arp can handle zone 6 and Hill Hardy zone 7 if the soil drains well an
rosemary	failure_diagnostics.1.what_happened_seasoned	seasoned	none	Hill	rosemary-hill-hardy		iable only in about zones 8 to 10, hardy types like Arp and Hill Hardy into zone 6 or 7, and a hard free
rosemary	failure_diagnostics.1.next_season_tip_seasoned	seasoned	none	Hill	rosemary-hill-hardy		lant to your zone: choose a hardy cultivar (Arp for zone 6, Hill Hardy for zone 7) with sharp drainage a
rosemary	failure_diagnostics.1.next_season_tip_beginner	beginner	none	Hill	rosemary-hill-hardy		ght type for your winters. Use a tough cultivar like Arp or Hill Hardy with good drainage and a sheltere
rosemary	regions.northern_tier.region_notes_seasoned	seasoned	none	Hill	rosemary-hill-hardy		 evergreen perennial if you choose a hardy cultivar (Arp or Hill Hardy), give it sharply drained soil an
rosemary	regions.northern_tier.region_notes_beginner	beginner	none	Hill	rosemary-hill-hardy		right at its cold limit. In zone 7 a tough type like Arp or Hill Hardy can live outdoors year-round with
rosemary	regions.pnw.resolved_by_zone.8.grown_as_note_seasoned	seasoned	none	Hill	rosemary-hill-hardy		ry winter-injury guidance recommends a hardy cultivar (Arp, Hill Hardy, Salem), a sheltered, south-facin
rosemary	regions.pnw.resolved_by_zone.8.grown_as_note_beginner	beginner	none	Hill	rosemary-hill-hardy		 it is near its cold limit. Choose a hardy type like Arp or Hill Hardy, plant it in a sheltered, sunny, 
rosemary	regions.pnw.region_notes_seasoned	seasoned	none	Hill	rosemary-hill-hardy		y guidance is worth following there, a hardy cultivar (Arp, Hill Hardy), a sheltered south-facing site, 
rosemary	regions.mid_atlantic.resolved_by_zone.7.grown_as_note_seasoned	seasoned	none	Hill	rosemary-hill-hardy		back or death in a hard year. Choose a hardy cultivar (Arp, Hill Hardy, Salem), give it a sheltered, sou
rosemary	regions.mid_atlantic.resolved_by_zone.7.grown_as_note_beginner	beginner	none	Hill	rosemary-hill-hardy		ght at its cold limit here. Choose a hardy type like Arp or Hill Hardy, plant it in a sheltered, sunny, 
rosemary	regions.mid_atlantic.region_notes_seasoned	seasoned	none	Hill	rosemary-hill-hardy		rop's roughly zone 7 hardy floor, so a hardy cultivar (Arp, Hill Hardy, Salem), a sheltered south-facing
rosemary	regions.mid_south.resolved_by_zone.7.grown_as_note_seasoned	seasoned	none	Hill	rosemary-hill-hardy		back or death in a hard year. Choose a hardy cultivar (Arp, Hill Hardy, Salem), give it a sheltered, sou
rosemary	regions.mid_south.resolved_by_zone.7.grown_as_note_beginner	beginner	none	Hill	rosemary-hill-hardy		ght at its cold limit here. Choose a hardy type like Arp or Hill Hardy, plant it in a sheltered, sunny, 
rosemary	regions.mid_south.region_notes_seasoned	seasoned	none	Hill	rosemary-hill-hardy		rop's roughly zone 7 hardy floor, so a hardy cultivar (Arp, Hill Hardy, Salem), a sheltered south-facing
rosemary	regions.nevada.resolved_by_zone.8.grown_as_note_seasoned	seasoned	none	Hill	rosemary-hill-hardy		osemary's own hardy floor, so choose a hardy cultivar (Arp, Hill Hardy, Salem), site it in a sheltered, 
rosemary	regions.nevada.resolved_by_zone.8.grown_as_note_beginner	beginner	none	Hill	rosemary-hill-hardy		osemary's own hardy floor, so choose a hardy cultivar (Arp, Hill Hardy, Salem), site it in a sheltered, 
rosemary	regions.nevada.resolved_by_zone.8.synthesis_note_seasoned	seasoned	none	Hill	rosemary-hill-hardy		osemary's own hardy floor, so choose a hardy cultivar (Arp, Hill Hardy, Salem), site it in a sheltered, 
rosemary	regions.nevada.resolved_by_zone.8.synthesis_note_beginner	beginner	none	Hill	rosemary-hill-hardy		osemary's own hardy floor, so choose a hardy cultivar (Arp, Hill Hardy, Salem), site it in a sheltered, 
rosemary	regions.utah_dixie.resolved_by_zone.8.grown_as_note_seasoned	seasoned	none	Hill	rosemary-hill-hardy		editerranean coastal habitat. Choose a hardy cultivar (Arp, Hill Hardy, Salem), site it in a sheltered, 
rosemary	regions.utah_dixie.resolved_by_zone.8.grown_as_note_beginner	beginner	none	Hill	rosemary-hill-hardy		e of what this herb can take, so pick a hardy variety (Arp, Hill Hardy, or Salem), tuck it into a shelte
rosemary	regions.utah_dixie.resolved_by_zone.8.synthesis_note_seasoned	seasoned	none	Hill	rosemary-hill-hardy		is zone's own hardy floor, so choose a hardy cultivar (Arp, Hill Hardy, Salem), site it in a sheltered, 
rosemary	regions.utah_dixie.resolved_by_zone.8.synthesis_note_beginner	beginner	none	Hill	rosemary-hill-hardy		its right at its cold edge, so choose a hardy variety (Arp, Hill Hardy, or Salem), give it a sheltered s
rosemary	regions.utah_dixie.region_notes_beginner	beginner	none	Hill	rosemary-hill-hardy		y's own cold edge, though, so choose a hardy cultivar (Arp, Hill Hardy, Salem), give it a sheltered, sun
rosemary	regions.utah_dixie.region_notes_seasoned	seasoned	none	Hill	rosemary-hill-hardy		editerranean coastal habitat. Choose a hardy cultivar (Arp, Hill Hardy, Salem), site it in a sheltered, 
rosemary	hardiness_notes_seasoned	seasoned	none	Hill	rosemary-hill-hardy		l only in about zones 8 to 10, and hardy selections such as Hill Hardy push into zone 7 while Arp is the
rosemary	hardiness_notes_beginner	beginner	none	Hill	rosemary-hill-hardy		mer areas (about zones 8 to 10), and a few tough types like Hill Hardy and Arp can handle zone 7 or even
oregano	soil.preferred_description_beginner	beginner	none	hills	mediterranean-hills		at sounds backward, but it comes from the dry Mediterranean hills, so rich, damp soil actually makes it w
eggplant	diseases.3.prevention_seasoned	seasoned	hill	hills			Plant on raised, well-drained beds or hills, avoid low spots that stay wet, water a
watermelon	soil.preferred_description_seasoned	seasoned	hill	hills			expense of fruit and sugar. Many growers plant on low, wide hills or raised mounds, which warm faster, dr
watermelon	soil.preferred_description_beginner	beginner	hill	hills			leaves and vine but less fruit. Many gardeners plant on low hills or raised mounds, which warm up and dra
watermelon	fertilizer.amount_seasoned	seasoned	hill	hill			ut 30 pounds per 1,000 square feet, or a balanced scoop per hill), then a nitrogen side-dress about thre
watermelon	start_method.notes_seasoned	seasoned	hill	hill			low about 65°F), sowing several seeds about 1 inch deep per hill and thinning to the strongest two. In s
watermelon	start_method.notes_beginner	beginner	hill	hill			eds right where they will grow, a few seeds 1 inch deep per hill, then keep the strongest two. If your s
watermelon	thinning.to_spacing	neither	hill	hill			2 plants per hill
watermelon	thinning.tip_seasoned	seasoned	hill	hill			Sow three to four seeds per hill and thin to the strongest two once they
watermelon	thinning.tip_beginner	beginner	hill	hill		yes	Plant three or four seeds in each hill, then keep the two strongest seedlings 
watermelon	growth_stages.0.user_action_seasoned	seasoned	hill	hill			 inches) and sow about 1 inch deep, three to four seeds per hill. Keep evenly moist, not soggy. Thin to 
watermelon	growth_stages.0.user_action_beginner	beginner	hill	hill			Plant seeds 1 inch deep once the soil is warm, a few per hill. Keep the soil damp until they sprout, 
watermelon	failure_diagnostics.3.next_season_tip_seasoned	seasoned	hill	hills			Plant on raised hills for drainage, avoid low wet spots, and 
watermelon	failure_diagnostics.3.next_season_tip_beginner	beginner	hill	hills			Plant on raised hills so water drains away, and slip a board 
watermelon	soil_prep_seasoned	seasoned	hill	hills			excess vine growth and reduces fruit growth. Plant in small hills spaced 8 feet apart on all sides. Black
watermelon	soil_prep_beginner	beginner	hill	hills			ou'll get lots of vine and less fruit. Plant seeds in small hills 8 feet apart in every direction. Black 
cantaloupe	soil.preferred_description_seasoned	seasoned	hill	hills			nse of fruit set and sugar. Many growers plant on low, wide hills or raised mounds, which warm faster, dr
cantaloupe	soil.preferred_description_beginner	beginner	hill	hills			but less fruit and lower sugar. Many gardeners plant on low hills or raised mounds, which warm up and dra
cantaloupe	start_method.notes_seasoned	seasoned	hill	hill			sowing several seeds about half an inch to an inch deep per hill and thinning to the strongest two or th
cantaloupe	start_method.notes_beginner	beginner	hill	hill			ht where they will grow, a few seeds about an inch deep per hill, then keep the strongest two or three. 
cantaloupe	growth_stages.0.user_action_seasoned	seasoned	hill	hill			about half an inch to an inch deep, three to four seeds per hill. Keep evenly moist, not soggy. Thin to 
cantaloupe	growth_stages.0.user_action_beginner	beginner	hill	hill			t seeds about an inch deep once the soil is warm, a few per hill. Keep the soil damp until they sprout, 
cantaloupe	failure_diagnostics.3.next_season_tip_seasoned	seasoned	hill	hills			Plant on raised hills for drainage, avoid low wet spots, and 
cantaloupe	failure_diagnostics.3.next_season_tip_beginner	beginner	hill	hills			Plant on raised hills so water drains away, and slip a board 
strawberry	growth_stages.2.user_action_seasoned	seasoned	none	hill	strawberry-hill-system		rs into the row to build the matted bed. In containers or a hill system, remove runners instead, since d
strawberry	regions.mid_atlantic.plantings.1.harvest_end.0.synthesis_note	neither	none	hill	strawberry-hill-system		following fall (NC State plasticulture guidance, the annual-hill system).
strawberry	regions.mid_atlantic.resolved_by_zone.8.grown_as_note_seasoned	seasoned	none	hill	strawberry-hill-system		lain grows strawberries on NC State's plasticulture (annual-hill) system, not a perennial bed: set plug 
strawberry	regions.mid_atlantic.region_notes_seasoned	seasoned	none	hill	strawberry-hill-system		oastal Plain (zone 8) uses NC State's plasticulture (annual-hill) system, pioneered for exactly this cli
strawberry	regions.mid_south.plantings.1.harvest_end.0.synthesis_note	neither	none	hill	strawberry-hill-system		e University of Arkansas plasticulture guidance, the annual-hill system).
strawberry	regions.mid_south.resolved_by_zone.8.grown_as_note_seasoned	seasoned	none	hill	strawberry-hill-system		wland South grows strawberries on the plasticulture (annual-hill) system, not a perennial bed: set plug 
strawberry	regions.mid_south.region_notes_seasoned	seasoned	none	hill	strawberry-hill-system		armer lowland South (zone 8) uses the plasticulture (annual-hill) system the University of Arkansas docu
pumpkin	soil.preferred_description_seasoned	seasoned	hill	hills			ure into the bed before planting. Most growers plant in low hills or mounds, which warm faster in spring,
pumpkin	soil.preferred_description_beginner	beginner	hill	hills			m a generous, fertile bed. Many gardeners plant them on low hills or mounds, which warm up faster and dra
pumpkin	fertilizer.amount_seasoned	seasoned	hill	hill			ly 20 pounds per 1,000 square feet, or a balanced scoop per hill), then a nitrogen side-dress about thre
pumpkin	diseases.3.prevention_seasoned	seasoned	hill	hills			Plant on raised beds or hills for drainage, avoid low or poorly drain
pumpkin	diseases.3.prevention_beginner	beginner	hill	hills			Plant on raised hills so water drains away, avoid soggy spots
pumpkin	diseases.3.control_ladder.0.note_beginner	beginner	hill	hills			Raised hills give water somewhere to go, and low cor
pumpkin	diseases.3.control_ladder.0.note_seasoned	seasoned	hill	hills			d shape and site selection are where control actually sits: hills or raised beds for drainage, low and po
pumpkin	start_method.notes_seasoned	seasoned	hill	hill			s quickly catch up. Sow several seeds about 1 inch deep per hill and thin to the strongest. Start seeds 
pumpkin	start_method.notes_beginner	beginner	hill	hill		yes	is warm (about 70°F). Plant a few seeds 1 inch deep in each hill and keep the strongest. Start seeds ind
pumpkin	thinning.to_spacing	neither	hill	hill			2 to 3 plants per hill
pumpkin	thinning.tip_seasoned	seasoned	hill	hill			Sow four to five seeds per hill and thin to the two or three strongest 
pumpkin	thinning.tip_beginner	beginner	hill	hill		yes	Plant four or five seeds in each hill, then keep the two or three strongest s
pumpkin	growth_stages.0.user_action_seasoned	seasoned	hill	hill			Sow about 1 inch deep in warm soil, four to five seeds per hill. Keep evenly moist, not soggy. Thin to 
pumpkin	growth_stages.0.user_action_beginner	beginner	hill	hill			Plant seeds 1 inch deep once the soil is warm, a few per hill. Keep the soil damp until they sprout, 
pumpkin	failure_diagnostics.3.next_season_tip_seasoned	seasoned	hill	hills			Plant on raised hills for drainage, avoid low wet spots, and 
pumpkin	failure_diagnostics.3.next_season_tip_beginner	beginner	hill	hills			Plant on raised hills so water drains away, and slip a board 
pumpkin	soil_prep_seasoned	seasoned	hill	hills,hills			 big, hungry, long-season plants. Most growers plant in low hills or mounds about a foot across, which wa
pumpkin	soil_prep_beginner	beginner	hill	hills,hills			 since pumpkins are large, hungry plants. Plant them on low hills or mounds, which warm up and drain bett
orange-navel	regions.hawaii_tropical.resolved_by_zone.11.suitability_note_beginner	beginner	none	hills	hawaii-hills		et cool enough to sweeten it. It is better up in the cooler hills.
orange-navel	regions.hawaii_tropical.resolved_by_zone.10.suitability_note_beginner	beginner	none	hills	hawaii-hills		et cool enough to sweeten it. It is better up in the cooler hills.
orange-navel	regions.hawaii_tropical.resolved_by_zone.12.suitability_note_beginner	beginner	none	hills	hawaii-hills		et cool enough to sweeten it. It is better up in the cooler hills.
orange-navel	regions.hawaii_tropical.resolved_by_zone.13.suitability_note_beginner	beginner	none	hills	hawaii-hills		et cool enough to sweeten it. It is better up in the cooler hills.
orange-navel	regions.hawaii_tropical.heat_basis_beginner	beginner	none	hills	hawaii-hills		 green-skinned even when ripe; it does better in the cooler hills. So oranges grow, but they are often on
mandarin-clementine	regions.hawaii_tropical.resolved_by_zone.11.suitability_note_beginner	beginner	none	hills	hawaii-hills		 get cool enough to color it. It is better up in the cooler hills.
mandarin-clementine	regions.hawaii_tropical.resolved_by_zone.10.suitability_note_beginner	beginner	none	hills	hawaii-hills		 get cool enough to color it. It is better up in the cooler hills.
mandarin-clementine	regions.hawaii_tropical.resolved_by_zone.12.suitability_note_beginner	beginner	none	hills	hawaii-hills		 get cool enough to color it. It is better up in the cooler hills.
mandarin-clementine	regions.hawaii_tropical.resolved_by_zone.13.suitability_note_beginner	beginner	none	hills	hawaii-hills		 get cool enough to color it. It is better up in the cooler hills.
mandarin-clementine	regions.hawaii_tropical.heat_basis_beginner	beginner	none	hills	hawaii-hills		fruit can stay sour and green; it does better in the cooler hills.
persimmon	regions.warm_arid.region_notes_beginner	beginner	none	hill	texas-hill-country		immon country. Across the warm, dry interior like the Texas hill country, both American persimmon (which
persimmon	regions.warm_arid.region_notes_seasoned	seasoned	none	hill	texas-hill-country		persimmon country. Across the warm-arid interior (the Texas hill country and similar), both American per
parsnip	diseases.0.prevention_seasoned	seasoned	hilling	hill			w), rotate out of the carrot family for two to three years, hill soil over the shoulders through the sea
parsnip	growth_stages.2.user_action_seasoned	seasoned	hilling	hill			n moisture, about 1 inch per week, to prevent cracking, and hill a little soil or mulch over the shoulde
parsnip	failure_diagnostics.3.next_season_tip_seasoned	seasoned	hilling	hill			d Marrow), rotate out of the carrot family for three years, hill soil over the shoulders through the sea
honeydew-melon	soil.preferred_description_seasoned	seasoned	hill	hills			expense of fruit and sugar. Many growers plant on low, wide hills or raised mounds, which warm faster, dr
honeydew-melon	soil.preferred_description_beginner	beginner	hill	hills			leaves and vine but less fruit. Many gardeners plant on low hills or raised mounds, which warm up and dra
honeydew-melon	start_method.notes_seasoned	seasoned	hill	hill			low about 65°F), sowing several seeds about 1 inch deep per hill and thinning to the strongest two. Beca
honeydew-melon	start_method.notes_beginner	beginner	hill	hill			eds right where they will grow, a few seeds 1 inch deep per hill, then keep the strongest two. If your s
honeydew-melon	thinning.to_spacing	neither	hill	hill			2 plants per hill
honeydew-melon	thinning.tip_seasoned	seasoned	hill	hill			Sow three to four seeds per hill and thin to the strongest two once they
honeydew-melon	thinning.tip_beginner	beginner	hill	hill		yes	Plant three or four seeds in each hill, then keep the two strongest seedlings 
honeydew-melon	growth_stages.0.user_action_seasoned	seasoned	hill	hill			 inches) and sow about 1 inch deep, three to four seeds per hill. Keep evenly moist, not soggy. Thin to 
honeydew-melon	growth_stages.0.user_action_beginner	beginner	hill	hill			Plant seeds 1 inch deep once the soil is warm, a few per hill. Keep the soil damp until they sprout, 
honeydew-melon	failure_diagnostics.3.next_season_tip_seasoned	seasoned	hill	hills			Plant on raised hills for drainage, avoid low wet spots, and 
honeydew-melon	failure_diagnostics.3.next_season_tip_beginner	beginner	hill	hills			Plant on raised hills so water drains away, and slip a board 
honeydew-melon	soil_prep_seasoned	seasoned	hill	hills,hills			t rather than runaway vine. Most growers plant on low, wide hills or raised mounds, which warm faster, dr
honeydew-melon	soil_prep_beginner	beginner	hill	hills,hills			ial, or you get more vine than melon. Plant honeydew on low hills or mounds, which warm up and drain bett
cherry-sweet	regions.warm_arid.resolved_by_zone.8.suitability_note_seasoned	seasoned	none	Hill	texas-hill-country		Inland warm-arid zone 8 (the Texas Hill Country and similar) banks adequate chi
cherry-sweet	regions.warm_arid.resolved_by_zone.8.suitability_note_beginner	beginner	none	Hill	texas-hill-country		weet cherry does poorly in warm, dry regions like the Texas Hill Country: summer heat, late frosts, and 
leek	growth_stages.3.log_prompt_beginner	beginner	hilling	hilled			Note when you fed and hilled the soil up. Comparing that to how long
leek	yield_expectations.first_year_note_beginner	beginner	hilling	hill			ason: start the seeds early, keep them watered and fed, and hill soil up for the white part. Leeks that 
brussels-sprouts	growth_stages.2.user_action_seasoned	seasoned	hilling	hill			Side-dress with nitrogen, keep moisture even, firm and hill the soil at the base, and stake the top
brussels-sprouts	tips_by_stage.established.0.text_seasoned	seasoned	hilling	hill			p moisture even at about 1 to 1.5 inches per week; firm and hill the soil at the base and stake the top-
nectarine	regions.warm_arid.chill_basis_seasoned	seasoned	none	Hill	texas-hill-country		Inland warm-arid winters (the Texas Hill Country and similar) bank roughly 450 t
shallot	tips_by_stage.germination_emergence.0.text_seasoned	seasoned	hilling	hilling			hallots are not thinned. Plant shallow; burying the bulb or hilling soil over it damages the shallow roots 
lemongrass	regions.warm_arid.resolved_by_zone.8.zone_notes	neither	none	hill	texas-hill-country		Zone 8 warm-arid areas (Texas hill country, southern High Plains, interior
lavender	soil.preferred_description_beginner	beginner	none	hills	mediterranean-hills		at sounds backward, but it comes from the dry Mediterranean hills, so rich, damp soil actually makes it w
cucumber	soil.preferred_description_seasoned	seasoned	hill	hills			nt both drought and waterlogging. Many growers plant in low hills or mounds, which warm faster in spring 
cucumber	soil.preferred_description_beginner	beginner	hill	hills			nly moist but never soggy. Many gardeners plant them on low hills or mounds, which warm up quicker and dr
cucumber	start_method.notes_seasoned	seasoned	hill	hill			s quickly catch up. Sow several seeds about 1 inch deep per hill or station and thin to the strongest. S
field-corn	varieties.recommended.0.note	neither	hilling	hill			most heirloom dents it can top 10 feet, so give it room and hill soil around the base for support. Let t
field-corn	growth_stages.2.user_action_seasoned	seasoned	hilling	Hill			nee-high and keep moisture steady as the plants stretch up. Hill a little soil around the base for suppo
popcorn	growth_stages.2.user_action_seasoned	seasoned	hilling	Hill			nee-high and keep moisture steady as the plants stretch up. Hill a little soil around the base for suppo
flint-corn	growth_stages.2.user_action_seasoned	seasoned	hilling	Hill			nee-high and keep moisture steady as the plants stretch up. Hill a little soil around the base for suppo
